SHIFT,0.4375345706939697,-0.17018675804138184
D,0.15572166442871094,0.12308883666992188
A,0.2167201042175293,-0.09254932403564453
S,0.17173004150390625,-0.04768109321594238
SPACE,0.13951897621154785,0.04757428169250488
SHIFT,0.3290848731994629,-0.11070585250854492
M,0.11070585250854492,0.10815548896789551
A,0.18886160850524902,-0.031905174255371094
G,0.12132859230041504,0.049878835678100586
I,0.1543750762939453,-0.07809305191040039
S,0.19597649574279785,-0.07088398933410645
C,0.16963458061218262,-0.060787200927734375
H,0.11836838722229004,0.0044443607330322266
E,0.15449094772338867,0.003035306930541992
SPACE,0.1228644847869873,0.04738569259643555
D,0.14162254333496094,-0.031343936920166016
E,0.21716523170471191,-0.09360051155090332
R,0.14355754852294922,-0.018990516662597656
SPACE,0.12734079360961914,0.04581594467163086
SHIFT,0.7193348407745361,-0.19112181663513184
W,0.1432194709777832,0.14274883270263672
I,0.18729376792907715,-0.04710721969604492
N,0.1234738826751709,-0.04554867744445801
T,0.0940701961517334,0.026134729385375977
E,0.14513087272644043,-0.061647653579711914
R,0.15646696090698242,0.04558753967285156
Z,0.12421298027038574,-0.04583024978637695
E,0.154557466506958,-0.03162360191345215
I,0.13865160942077637,-0.014998912811279297
T,0.12629485130310059,0.031424522399902344
SPACE,0.09308671951293945,0.18654751777648926
I,0.10849308967590332,-0.015108823776245117
S,0.218963623046875,-0.07850956916809082
T,0.12434720993041992,-0.016083955764770508
SPACE,0.10984492301940918,0.04600858688354492
D,0.12567901611328125,-0.016166210174560547
I,0.13831520080566406,-0.030097246170043945
E,0.1397080421447754,-0.016381025314331055
SPACE,0.10916709899902344,0.15920233726501465
F,0.09339666366577148,0.12451887130737305
R,0.1079397201538086,0.0777888298034668
I,0.12501311302185059,-0.03026556968688965
E,0.12498164176940918,0.20069575309753418
D,0.0929727554321289,0.3107640743255615
V,0.10841727256774902,0.14053988456726074
O,0.06173348426818848,0.12397909164428711
L,0.04774165153503418,0.04614663124084473
L,0.14133810997009277,0.030074357986450195
E,0.1566476821899414,0.15557312965393066
SPACE,0.13982152938842773,-0.016607999801635742
SHIFT,0.3284780979156494,-0.17128276824951172
S,0.1700129508972168,0.1421499252319336
T,0.09778547286987305,0.04197287559509277
I,0.17023658752441406,0.0026400089263916016
L,0.10757017135620117,0.07754969596862793
L,0.12862062454223633,0.06018352508544922
E,0.13953185081481934,0.817589282989502
",",0.1573474407196045,-0.08080816268920898
SPACE,0.1568593978881836,-0.031114816665649414
S,0.16918611526489258,0.23124933242797852
BACKSPACE,0.13888859748840332,0.03126239776611328
D,0.12226366996765137,0.014730215072631836
I,0.15546822547912598,-0.009372949600219727
E,0.11530232429504395,-0.0308225154876709
SPACE,0.11833620071411133,0.038001060485839844
S,0.18688321113586426,-0.09224557876586914
I,0.12092280387878418,-0.07016754150390625
C,0.19372200965881348,-0.06214189529418945
H,0.1396186351776123,-0.04703688621520996
SPACE,0.15504813194274902,0.04729008674621582
M,0.15354251861572266,-0.014818906784057617
I,0.16934466361999512,-0.06242108345031738
T,0.08771324157714844,0.004837512969970703
SPACE,0.14062023162841797,-0.013556718826293945
D,0.1546921730041504,0.015487432479858398
E,0.18595671653747559,-0.10897707939147949
R,0.14090347290039062,0.016060590744018555
SPACE,0.08507180213928223,0.006219387054443359
SHIFT,0.3346521854400635,-0.14748525619506836
S,0.14619970321655273,0.12075519561767578
C,0.14125561714172363,0.015490531921386719
H,0.037804603576660156,0.11627483367919922
N,0.12251973152160645,-0.06203436851501465
E,0.10815858840942383,0.07744026184082031
E,0.09560346603393555,0.10876107215881348
D,0.17094182968139648,-0.06138443946838379
E,0.1697525978088379,0.14026999473571777
C,0.12676239013671875,0.4069852828979492
K,0.12422513961791992,-0.013879537582397461
E,0.1220548152923584,-0.008554458618164062
SPACE,0.11783432960510254,0.2951328754425049
Ü,0.15381431579589844,0.13265323638916016
E,0.13233256340026855,-0.04961681365966797
B,0.14143967628479004,0.24695897102355957
BACKSPACE,0.09286308288574219,0.0636301040649414
BACKSPACE,0.10894393920898438,0.2767312526702881
E,0.12473297119140625,0.24865150451660156
BACKSPACE,0.13787150382995605,0.3874979019165039
B,0.07651758193969727,0.001516580581665039
E,0.13761329650878906,-0.046555519104003906
R,0.15401840209960938,0.014179468154907227
SPACE,0.10898399353027344,0.03134751319885254
A,0.171065092086792,-0.0467379093170166
L,0.060793161392211914,0.07874655723571777
L,0.13863468170166016,-0.015082597732543945
E,0.15530061721801758,-0.09183359146118164
S,0.15321731567382812,-0.015175342559814453
SPACE,0.1255788803100586,0.04681968688964844
L,0.1717545986175537,-0.06302285194396973
E,0.09327125549316406,0.12413883209228516
G,0.12372088432312012,0.10416102409362793
T,0.09826850891113281,0.09388899803161621
.,0.13812756538391113,0.008358240127563477
SPACE,0.15179848670959473,0.13190054893493652
SHIFT,0.35445737838745117,-0.2308943271636963
D,0.16900253295898438,0.04694700241088867
I,0.014944791793823242,0.869849443435669
E,0.0921785831451416,0.15692806243896484
BACKSPACE,0.07831549644470215,0.07816720008850098
BACKSPACE,0.10490727424621582,0.20850205421447754
I,0.12218952178955078,-0.01396632194519043
E,0.12334370613098145,-0.029778003692626953
SPACE,0.12174224853515625,0.24956417083740234
SHIFT,0.23314452171325684,-0.1555938720703125
N,0.12378382682800293,0.13957881927490234
A,0.13156628608703613,0.4241292476654053
T,0.10574650764465332,0.04631924629211426
U,0.11284685134887695,0.012654542922973633
R,0.11659383773803711,0.021441936492919922
SPACE,0.11005687713623047,0.21831655502319336
B,0.0780487060546875,0.296130895614624
E,0.10606503486633301,0.10998678207397461
R,0.16723942756652832,-0.04617047309875488
E,0.15450286865234375,-0.014949321746826172
I,0.1228783130645752,0.03056788444519043
T,0.06191301345825195,0.032274723052978516
E,0.21362686157226562,-0.04618549346923828
T,0.1689598560333252,0.029473066329956055
SPACE,0.12497782707214355,0.032355308532714844
S,0.20201587677001953,-0.10699725151062012
I,0.13881897926330566,-0.04718017578125
C,0.1694326400756836,-0.029327869415283203
H,0.15299582481384277,-0.07598519325256348
SPACE,0.15957951545715332,0.009783029556274414
R,0.14399504661560059,-0.04389023780822754
E,0.1011819839477539,0.09275174140930176
C,0.13405156135559082,0.06611442565917969
H,0.04752063751220703,0.18928909301757812
T,0.10743188858032227,0.09340381622314453
Z,0.07784819602966309,0.055511474609375
E,0.17772984504699707,0.10859513282775879
I,0.12333202362060547,0.030002117156982422
T,0.09114718437194824,0.017299175262451172
I,0.13894867897033691,-0.015075206756591797
G,0.1107182502746582,0.11846327781677246
SPACE,0.12401056289672852,0.01622295379638672
D,0.1249840259552002,0.014298677444458008
A,0.18489480018615723,-0.0311586856842041
R,0.1556990146636963,0.03005194664001465
A,0.17708063125610352,0.2557790279388428
U,0.1065068244934082,0.09264707565307617
F,0.12136054039001465,0.0023446083068847656
SPACE,0.11217737197875977,0.053717613220214844
V,0.12495613098144531,0.00891423225402832
O,0.14531469345092773,0.04808402061462402
R,0.13824105262756348,1.1804044246673584
",",0.17025017738342285,-0.04694628715515137
SPACE,0.12517118453979492,0.015449047088623047
E,0.10961222648620605,-0.031500816345214844
I,0.17156720161437988,-0.06166577339172363
N,0.12297201156616211,0.03181767463684082
E,0.17016267776489258,-0.10301685333251953
N,0.22754740715026855,-0.11003708839416504
SPACE,0.1720418930053711,0.06186199188232422
E,0.17500972747802734,-0.07913541793823242
R,0.15678119659423828,0.13878297805786133
H,0.09436368942260742,0.14050984382629395
O,0.11088228225708008,0.07819604873657227
L,0.12425804138183594,-0.030238866806030273
S,0.12423849105834961,-0.016206979751586914
A,0.17133665084838867,-0.07742929458618164
M,0.12132143974304199,0.0028998851776123047
E,0.15552878379821777,-0.031876325607299805
N,0.2178206443786621,-0.07935595512390137
SPACE,0.10977554321289062,0.17203187942504883
SHIFT_R,0.2655000686645508,-0.15573787689208984
S,0.15855073928833008,0.13843536376953125
C,0.17300844192504883,-0.03181862831115723
H,0.09404683113098145,0.06040835380554199
A,0.1546933650970459,-0.09211945533752441
L,0.12307262420654297,0.0930321216583252
F,0.14114117622375488,-0.03079843521118164
SPACE,0.10733437538146973,0.14028549194335938
Z,0.09582209587097168,0.09336471557617188
U,0.14028620719909668,-0.015636920928955078
SPACE,0.14187240600585938,0.0312347412109375
G,0.10758113861083984,0.03185319900512695
E,0.1561577320098877,-0.04725384712219238
N,0.12291860580444336,0.04733610153198242
I,0.15595579147338867,0.002256631851196289
E,0.16816449165344238,0.3483238220214844
BACKSPACE,0.09215593338012695,0.06308341026306152
BACKSPACE,0.10856366157531738,0.047210693359375
BACKSPACE,0.09299468994140625,0.0628206729888916
BACKSPACE,0.10812067985534668,0.04665064811706543
BACKSPACE,0.28409361839294434,0.10563945770263672
BACKSPACE,0.08051013946533203,0.062308311462402344
BACKSPACE,0.09266543388366699,0.06238865852355957
BACKSPACE,0.07755136489868164,0.062161922454833984
BACKSPACE,0.09366774559020996,0.0614778995513916
BACKSPACE,0.09258794784545898,0.06135129928588867
BACKSPACE,0.07888174057006836,0.06313014030456543
BACKSPACE,0.10959887504577637,0.4865608215332031
L,0.10964441299438477,-0.032000064849853516
A,0.22017383575439453,-0.0784749984741211
F,0.1558365821838379,-0.030995845794677734
SPACE,0.10949897766113281,0.2547621726989746
Z,0.0725104808807373,0.12656188011169434
U,0.15686702728271484,-0.029859304428100586
SPACE,0.1549365520477295,-0.02985358238220215
G,0.14275670051574707,-0.08060693740844727
E,0.14088821411132812,-0.07744121551513672
N,0.12518715858459473,0.038564205169677734
I,0.16342902183532715,-0.09335684776306152
E,0.21741342544555664,-0.09316086769104004
S,0.17064642906188965,1.0891141891479492
BACKSPACE,0.10986042022705078,0.12616634368896484
SS,0.13923025131225586,0.16706395149230957
E,0.15550565719604492,0.30988287925720215
N,0.1882174015045166,-0.052965641021728516
SPACE,0.16141533851623535,0.5390276908874512
BACKSPACE,0.0983116626739502,0.28639674186706543
.,0.13508129119873047,-0.015691041946411133
SPACE,0.1378011703491211,0.12056350708007812
SHIFT,0.2195453643798828,-0.14589381217956543
I,0.09878754615783691,0.14058327674865723
G,0.1536390781402588,-0.06583857536315918
E,0.17420268058776855,-0.04661417007446289
L,0.1524505615234375,-0.014844894409179688
SPACE,0.15396571159362793,0.028776168823242188
U,0.1715223789215088,-0.04707193374633789
N,0.15462136268615723,-0.046090126037597656
D,0.15456008911132812,-0.013618946075439453
SPACE,0.10837483406066895,0.029018640518188477
SHIFT,0.3138465881347656,-0.14410042762756348
B,0.11384272575378418,0.29387617111206055
Ä,0.13959550857543945,-0.017438650131225586
R,0.21592974662780762,-0.10233831405639648
E,0.16354608535766602,-0.09238100051879883
N,0.17172551155090332,0.10650086402893066
SPACE,0.12481164932250977,0.43770766258239746
G,0.13804388046264648,0.57246994972229
BACKSPACE,0.10657930374145508,0.03233003616333008
F,0.14149165153503418,0.014330148696899414
U,0.10954833030700684,0.03145408630371094
T,0.07843255996704102,0.09199643135070801
T,0.10524892807006836,0.0033516883850097656
E,0.15585851669311523,-0.06331515312194824
R,0.15514326095581055,-0.07587981224060059
N,0.18463349342346191,-0.09360265731811523
SPACE,0.12295007705688477,-0.015405893325805664
S,0.18170571327209473,-0.05608940124511719
U,0.10904407501220703,-0.09398436546325684
C,0.15553998947143555,0.5753202438354492
BACKSPACE,0.0932466983795166,0.27892351150512695
BACKSPACE,0.12310099601745605,0.3393278121948242
I,0.13965749740600586,-0.01568746566772461
C,0.14092111587524414,-0.03417778015136719
H,0.13842034339904785,-0.05841207504272461
SPACE,0.13406825065612793,0.005685329437255859
E,0.14061236381530762,-0.01749706268310547
I,0.18703126907348633,-0.060334205627441406
N,0.10588860511779785,0.0610804557800293
E,0.1713864803314209,0.030827045440673828
SPACE,0.11183619499206543,0.15899419784545898
B,0.10226750373840332,0.030359268188476562
E,0.1018514633178711,0.2716975212097168
A,0.13718748092651367,0.03259444236755371
C,0.15299391746520996,0.01566338539123535
H,0.0647580623626709,0.043226003646850586
T,0.12442421913146973,-0.015655517578125
L,0.21923613548278809,-0.04709124565124512
I,0.15652775764465332,-0.03126788139343262
C,0.11786890029907227,0.005869865417480469
H,0.13935184478759766,-0.04456043243408203
E,0.12589740753173828,0.024629592895507812
SPACE,0.09653949737548828,0.03206276893615723
SHIFT,0.35565185546875,-0.16988229751586914
S,0.14028501510620117,0.15458154678344727
P,0.09031438827514648,-0.04510903358459473
E,0.0477449893951416,0.18735527992248535
C,0.13923168182373047,0.44989705085754395
K,0.09232711791992188,0.2627713680267334
S,0.19483208656311035,-0.05419802665710449
C,0.12601327896118164,0.041498422622680664
H,0.06540441513061523,1.1850109100341797
I,0.07779335975646973,1.082608938217163
C,0.08335018157958984,0.007810831069946289
H,0.10638809204101562,0.0334775447845459
T,0.10882425308227539,-0.015801191329956055
SPACE,0.1269984245300293,-0.011899948120117188
A,0.14933037757873535,0.0062961578369140625
N,0.22962093353271484,0.8100318908691406
",",0.14927935600280762,-0.003782510757446289
SPACE,0.1520519256591797,-0.030677080154418945
SHIFT,0.3443465232849121,-0.171586275100708
E,0.10910677909851074,0.2804603576660156
I,0.10814595222473145,0.04623222351074219
C,0.13583827018737793,0.0012278556823730469
H,0.1142876148223877,0.04185080528259277
H,0.14564037322998047,0.6220569610595703
Ö,0.10907292366027832,0.07804107666015625
R,0.10852241516113281,0.14113378524780273
C,0.1391150951385498,0.21820950508117676
BACKSPACE,0.09387326240539551,0.12570858001708984
N,0.10796737670898438,0.0015919208526611328
C,0.12285375595092773,0.014429330825805664
H,0.10929417610168457,0.016439199447631836
E,0.12448239326477051,-0.016258955001831055
N,0.24953436851501465,-0.03206753730773926
SPACE,0.142592191696167,0.6390831470489502
U,0.1551506519317627,-0.01501011848449707
N,0.1394360065460205,0.17039990425109863
D,0.14067888259887695,0.200972318649292
SPACE,0.1089327335357666,0.015159845352172852
A,0.15538644790649414,-0.015034675598144531
N,0.12075543403625488,-0.015403032302856445
D,0.10703420639038086,0.07000160217285156
E,0.13600826263427734,-0.04798293113708496
R,0.2046375274658203,-0.03142213821411133
E,0.2054152488708496,0.18747806549072266
SPACE,0.10944914817810059,0.015206336975097656
SHIFT,0.2828183174133301,-0.10880923271179199
N,0.09373188018798828,0.21895551681518555
S,0.1410236358642578,0.7911913394927979
A,0.15320706367492676,-0.02991199493408203
G,0.12256073951721191,0.01489114761352539
E,0.1855182647705078,-0.07696032524108887
R,0.1705036163330078,0.029794931411743164
SPACE,0.12425541877746582,1.239619255065918
BACKSPACE,0.10943222045898438,0.04677772521972656
BACKSPACE,0.10974335670471191,0.061318397521972656
BACKSPACE,0.35791730880737305,0.07758545875549316
BACKSPACE,0.12569332122802734,0.07756447792053223
BACKSPACE,0.10748291015625,0.3726944923400879
BACKSPACE,0.12453579902648926,0.046909332275390625
A,0.2382981777191162,-0.036385297775268555
G,0.14063024520874023,0.06282520294189453
E,0.1394357681274414,-0.046740055084228516
R,0.18709850311279297,1.0609791278839111
SPACE,0.12476420402526855,0.23348069190979004
B,0.12502527236938477,-0.008349418640136719
E,0.13243317604064941,0.09308838844299316
T,0.17220664024353027,-0.0451512336730957
R,0.23156046867370605,0.06283378601074219
E,0.13411378860473633,0.0064198970794677734
I,0.15542221069335938,-0.03135275840759277
B,0.15739727020263672,-0.04754352569580078
E,0.17342448234558105,0.014962911605834961
N,0.26302194595336914,-0.06166982650756836
SPACE,0.15488195419311523,1.001037359237671
SHIFT,0.3252525329589844,-0.10909676551818848
L,0.10774517059326172,0.12438511848449707
A,0.1548902988433838,-0.016150474548339844
G,0.1253373622894287,0.03139185905456543
E,0.1893141269683838,-0.047495126724243164
R,0.07793545722961426,0.03314471244812012
H,0.09265828132629395,0.8062067031860352
BACKSPACE,0.10661196708679199,0.7612547874450684
H,0.06574177742004395,0.017282724380493164
A,0.13886260986328125,-0.04695248603820801
L,0.13330340385437012,0.0060024261474609375
T,0.1252727508544922,-0.03128767013549805
U,0.18762779235839844,-0.06206178665161133
N,0.12498831748962402,0.04614853858947754
G,0.12647747993469238,0.6350588798522949
.,0.1260051727294922,0.1400134563446045
SPACE,0.10741424560546875,0.07901573181152344
SHIFT,0.2684967517852783,-0.1254868507385254
D,0.1254868507385254,0.10926485061645508
A,0.1866774559020996,-0.07802772521972656
S,0.21881937980651855,-0.004676342010498047
SPACE,0.09725689888000488,0.385343074798584
K,0.057092905044555664,0.5286531448364258
Ö,0.07901954650878906,0.12389278411865234
N,0.07679867744445801,0.06529378890991211
N,0.10726404190063477,-0.014925241470336914
E,0.18547320365905762,-0.07781744003295898
N,0.18631696701049805,-0.09789896011352539
SPACE,0.15870022773742676,-0.014623641967773438
W,0.15439677238464355,-0.030748605728149414
I,0.1322023868560791,0.020400285720825195
R,0.10999131202697754,-0.04719233512878418
SPACE,0.111968994140625,0.29308533668518066
SHIFT,0.2607569694519043,-0.1231694221496582
M,0.11844158172607422,0.19022274017333984
E,0.1530313491821289,0.031167268753051758
N,0.12349295616149902,-0.061661720275878906
S,0.18589568138122559,-0.0754706859588623
C,0.1832737922668457,-0.06105160713195801
H,0.10656499862670898,0.022214651107788086
E,0.15579557418823242,-0.03976130485534668
N,0.17093181610107422,-0.09317493438720703
SPACE,0.12303662300109863,0.03220057487487793
G,0.10980629920959473,0.02913045883178711
U,0.09172558784484863,0.04825282096862793
T,0.12431573867797852,0.016362667083740234
SPACE,0.11181759834289551,0.10424208641052246
N,0.1075737476348877,-0.07020759582519531
A,0.1957402229309082,-0.03325653076171875
C,0.13968372344970703,-0.05014991760253906
H,0.058020830154418945,0.20888853073120117
V,0.12276673316955566,0.09176349639892578
O,0.07745194435119629,0.0913839340209961
L,0.3099539279937744,1.3619766235351562
L,0.09324479103088379,0.21769928932189941
Z,0.09394168853759766,0.04748654365539551
I,0.12501764297485352,-0.019440650939941406
E,0.11246323585510254,0.014962911605834961
H,0.10847640037536621,0.03203725814819336
E,0.12391471862792969,-0.02100348472595215
N,0.2526407241821289,1.2526586055755615
",",0.11828398704528809,-0.033324241638183594
SPACE,0.15439987182617188,-0.014842033386230469
D,0.154038667678833,-0.09334278106689453
E,0.17258071899414062,-0.047297000885009766
N,0.06230926513671875,0.09405875205993652
N,0.20506024360656738,-0.09830451011657715
SPACE,0.18898391723632812,0.4512960910797119
S,0.20410728454589844,0.06226539611816406
O,0.09642291069030762,0.06870007514953613
SPACE,0.16330361366271973,0.49809980392456055
Ä,0.07489228248596191,0.2063157558441162
H,0.07707476615905762,0.44422125816345215
N,0.1356055736541748,0.6546347141265869
L,0.1535813808441162,-0.07681632041931152
I,0.2324364185333252,-0.03100109100341797
C,0.18828701972961426,-0.07963991165161133
H,0.2426295280456543,0.768094539642334
SPACE,0.12558841705322266,0.34653544425964355
H,0.10923194885253906,-0.015506267547607422
A,0.16991448402404785,-0.03217434883117676
N,0.12574410438537598,0.2987046241760254
D,0.15837907791137695,-0.007348775863647461
G,0.10185623168945312,0.3214149475097656
BACKSPACE,0.10785388946533203,0.1554267406463623
H,0.09289336204528809,-0.01398468017578125
A,0.1402149200439453,-0.015082597732543945
B,0.07786297798156738,-0.003486156463623047
E,0.19083499908447266,-0.0762636661529541
N,0.23052000999450684,-0.06275629997253418
SPACE,0.14127039909362793,0.4033482074737549
MEDIA_VOLUME_MUTE,0.0679171085357666,1.2980139255523682
W,0.20218944549560547,0.12486529350280762
I,0.09261798858642578,0.021888017654418945
R,0.12954378128051758,-0.009938478469848633
SPACE,0.13942670822143555,-0.013087749481201172
E,0.16955089569091797,0.10839200019836426
S,0.15474987030029297,-0.031184673309326172
SPACE,0.12590432167053223,0.4220850467681885
J,0.11662554740905762,-0.022951841354370117
A,0.15656542778015137,-0.009213447570800781
SPACE,0.14967560768127441,0.18649721145629883
A,0.14153695106506348,-0.0024085044860839844
U,0.11541271209716797,0.009971857070922852
C,0.15314698219299316,-0.0747990608215332
H,0.07652926445007324,0.3588690757751465
",",0.04723858833312988,0.3211207389831543
BACKSPACE,0.11114025115966797,0.09876322746276855
.,0.10826683044433594,0.14144611358642578
SPACE,0.10436081886291504,0.42993950843811035
SHIFT,0.47830677032470703,-0.07724308967590332
L,0.07724308967590332,0.10901641845703125
A,0.15563583374023438,-0.02994513511657715
U,0.15292835235595703,0.015604734420776367
B,0.11144804954528809,0.04626035690307617
B,0.1237497329711914,0.6381556987762451
Ä,0.08181428909301758,0.31159210205078125
U,0.07852578163146973,0.1094515323638916
M,0.14072155952453613,0.030620098114013672
E,0.11133670806884766,0.030541181564331055
SPACE,0.12371134757995605,0.4063847064971924
U,0.10971426963806152,0.0627753734588623
N,0.14017510414123535,-0.015711069107055664
D,0.11153125762939453,-0.015434503555297852
SPACE,0.07697677612304688,0.06377840042114258
H,0.10047030448913574,0.023005247116088867
U,0.0774526596069336,0.0460970401763916
E,0.12373900413513184,-0.031618595123291016
R,0.14055824279785156,0.24863696098327637
BACKSPACE,0.07759833335876465,0.06318235397338867
BACKSPACE,0.06841087341308594,0.06993865966796875
BACKSPACE,0.12554359436035156,0.4823572635650635
I,0.09427976608276367,-0.03157472610473633
E,0.1576707363128662,-0.06360149383544922
R,0.14095425605773926,-0.030776262283325195
SPACE,0.1081094741821289,0.0773468017578125
D,0.12613201141357422,-0.0012848377227783203
I,0.07844138145446777,0.030576229095458984
E,0.12516117095947266,-0.06332945823669434
SPACE,0.11024284362792969,0.0943446159362793
SHIFT,0.33933162689208984,-0.10306262969970703
P,0.07837581634521484,0.30038928985595703
B,0.11867308616638184,-0.045430660247802734
S,0.21728014945983887,0.015400886535644531
T,0.07780933380126953,0.32424449920654297
B,0.09242582321166992,0.725304126739502
Ä,0.05973243713378906,0.20623421669006348
U,0.10677194595336914,0.10883283615112305
M,0.1070852279663086,-0.0029168128967285156
E,0.12590289115905762,0.0309445858001709
SPACE,0.12444758415222168,0.2476198673248291
I,0.10880589485168457,0.08675575256347656
M,0.19176840782165527,-0.031562089920043945
SPACE,0.12404179573059082,-0.014873743057250977
SHIFT,0.2332463264465332,-0.0779874324798584
B,0.0779874324798584,0.30910229682922363
E,0.12540221214294434,0.09114503860473633
O,0.0775902271270752,0.2922515869140625
BACKSPACE,0.10881352424621582,0.030524730682373047
S,0.16819238662719727,0.005194902420043945
O,0.2181711196899414,-0.07786035537719727
N,0.1946864128112793,-0.040162086486816406
D,0.15635251998901367,-0.02557229995727539
E,0.16179680824279785,-0.06087136268615723
R,0.20013213157653809,-0.04631781578063965
E,0.19862103462219238,-0.026656627655029297
N,0.27375364303588867,-0.10767340660095215
SPACE,0.16309452056884766,0.696890115737915
BACKSPACE,1.3153324127197266,0.8077616691589355
E,0.12701034545898438,0.0059757232666015625
SPACE,0.10585474967956543,0.047353267669677734
SHIFT,0.32764577865600586,-0.13930058479309082
O,0.09301972389221191,0.48881101608276367
B,0.11499381065368652,0.008617639541625977
S,0.1869668960571289,-0.05850934982299805
T,0.12091302871704102,0.5950205326080322
B,0.07814931869506836,0.43575596809387207
Ä,0.04733920097351074,0.35806941986083984
U,0.07549238204956055,0.10996127128601074
M,0.10745382308959961,-0.014971733093261719
E,0.15249896049499512,0.030206680297851562
SPACE,0.09503340721130371,1.5740444660186768
I,0.0930929183959961,0.11057162284851074
M,0.15722203254699707,-0.08014965057373047
SPACE,0.1427593231201172,-0.0712890625
SHIFT,0.23367953300476074,-0.05387687683105469
B,0.05387687683105469,0.06911063194274902
E,0.15823674201965332,0.030208110809326172
O,0.10953783988952637,0.4830012321472168
BACKSPACE,0.10881805419921875,0.031716108322143555
S,0.17160606384277344,-0.015403509140014648
O,0.18558120727539062,-0.030492305755615234
N,0.15506553649902344,-0.046666860580444336
D,0.11098814010620117,-0.02318096160888672
E,0.1308741569519043,-0.031112194061279297
R,0.18677926063537598,-0.04727768898010254
E,0.20488810539245605,-0.06322360038757324
N,0.16986489295959473,-0.09113574028015137
SPACE,0.15391850471496582,0.31647682189941406
Z,0.1382126808166504,0.0320582389831543
E,0.16916275024414062,-0.030859708786010742
I,0.14070606231689453,-0.030154943466186523
G,0.13943958282470703,-0.05597853660583496
E,0.1954207420349121,-0.04072999954223633
N,0.2281022071838379,-0.01629185676574707
SPACE,0.14109086990356445,0.13854598999023438
U,0.12288594245910645,0.062024593353271484
N,0.1459670066833496,0.012058496475219727
S,0.19286203384399414,0.12088227272033691
SPACE,0.12385082244873047,0.09833979606628418
E,0.12062525749206543,-0.03141140937805176
I,0.1565868854522705,-0.014842033386230469
N,0.10967683792114258,-0.0044994354248046875
E,0.16830086708068848,0.022521018981933594
SPACE,0.10583829879760742,0.03442859649658203
A,0.15462660789489746,-0.04600834846496582
N,0.1690082550048828,-0.07474756240844727
D,0.11931061744689941,0.08046531677246094
E,0.12382769584655762,-0.0504450798034668
R,0.21830058097839355,-0.014281034469604492
E,0.1710648536682129,0.07599973678588867
SPACE,0.07644033432006836,0.12364983558654785
SHIFT_R,0.369840145111084,-0.21445798873901367
A,0.15409088134765625,0.13982272148132324
R,0.1053614616394043,0.09337544441223145
T,0.09183835983276367,0.047036170959472656
SPACE,0.0942087173461914,0.8834037780761719
D,0.07758975028991699,0.12468504905700684
E,0.15648341178894043,-0.09453296661376953
R,0.14890050888061523,0.0016317367553710938
SPACE,0.11441588401794434,0.04678010940551758
SHIFT,0.355029821395874,-0.13782835006713867
V,0.09137463569641113,0.24883818626403809
O,0.10807347297668457,-0.01422119140625
R,0.1369037628173828,0.029807090759277344
B,0.10951566696166992,-0.03221416473388672
E,0.15732884407043457,0.019869089126586914
R,0.16531062126159668,0.13894319534301758
E,0.17315030097961426,0.04713702201843262
I,0.10789632797241211,0.04626202583312988
T,0.09303998947143555,0.015286922454833984
U,0.20088911056518555,-0.06288695335388184
N,0.12176370620727539,0.003438711166381836
G,0.09238982200622559,0.034873247146606445
SPACE,0.10465002059936523,0.6473069190979004
A,0.18827199935913086,-0.03282809257507324
U,0.12193822860717773,0.15474367141723633
F,0.09354186058044434,-0.015166997909545898
SPACE,0.12410521507263184,0.0037348270416259766
E,0.13604164123535156,-0.015478372573852539
I,0.17171192169189453,-0.02277994155883789
N,0.11572837829589844,0.031191110610961914
E,0.13796544075012207,-0.014714241027832031
N,0.16935205459594727,-0.0861656665802002
SPACE,0.1013190746307373,0.1608114242553711
G,0.11939835548400879,-0.014974117279052734
U,0.12329888343811035,-0.015958547592163086
T,0.1874866485595703,-0.08259320259094238
E,0.17433905601501465,-0.024552345275878906
N,0.11852288246154785,0.0299837589263916
SHIFT,0.5986166000366211,-0.44684314727783203
SPACE,0.12292885780334473,0.10991787910461426
S,0.1820998191833496,0.1912977695465088
C,0.13059759140014648,-0.015451669692993164
H,0.11071467399597168,0.04647111892700195
A,0.16868376731872559,-0.04696297645568848
L,0.18751788139343262,0.5238571166992188
F,0.0931546688079834,0.07686924934387207
SHIFT_R,0.38457536697387695,-0.20010614395141602
:,0.15845751762390137,0.16733908653259277
SPACE,0.10846781730651855,0.2643394470214844
D,0.16991615295410156,0.4168531894683838
BACKSPACE,0.14026403427124023,-0.06723880767822266
SHIFT,0.2884407043457031,-0.14045000076293945
D,0.13878369331359863,0.3562612533569336
BACKSPACE,0.10747146606445312,0.06094217300415039
BACKSPACE,0.07862448692321777,0.07789254188537598
BACKSPACE,0.07547640800476074,0.06192517280578613
BACKSPACE,0.09268307685852051,0.06282377243041992
BACKSPACE,0.07725143432617188,0.24833345413208008
BACKSPACE,0.09352469444274902,0.372469425201416
L,0.0899808406829834,0.0029981136322021484
A,0.17143821716308594,-0.028827667236328125
D,0.13712525367736816,0.3233036994934082
BACKSPACE,0.10960626602172852,0.04635214805603027
F,0.10993194580078125,0.09239864349365234
SHIFT_R,0.4203507900238037,-0.2328810691833496
:,0.2019057273864746,0.13898634910583496
SPACE,0.0978541374206543,-0.025266647338867188
SHIFT,0.3156721591949463,-0.17014431953430176
D,0.13897132873535156,0.15740013122558594
A,0.2002265453338623,-0.06376767158508301
S,0.220811128616333,-0.0054662227630615234
SPACE,0.0779116153717041,0.2653038501739502
SHIFT,0.6048359870910645,-0.11833620071411133
T,0.08376264572143555,0.12914419174194336
A,0.13898491859436035,0.04667854309082031
G,0.1535797119140625,0.11023926734924316
W,0.19741082191467285,-0.09231901168823242
E,0.2153944969177246,-0.10682439804077148
R,0.13802814483642578,0.17745614051818848
K,0.1433861255645752,0.1431717872619629
SPACE,0.12167072296142578,0.31047487258911133
W,0.15414643287658691,0.12311053276062012
I,0.12379789352416992,-0.0414118766784668
R,0.11950492858886719,0.09102272987365723
D,0.1295173168182373,0.009818792343139648
SPACE,0.09402608871459961,0.10822653770446777
A,0.16994643211364746,0.16781878471374512
B,0.11178088188171387,0.03108978271484375
G,0.1700458526611328,-0.030999422073364258
E,0.15520739555358887,0.013152599334716797
S,0.1573948860168457,-0.07804560661315918
C,0.1560983657836914,-0.08001279830932617
H,0.08507680892944336,0.08739495277404785
L,0.13949847221374512,0.09390997886657715
O,0.12052559852600098,0.0887136459350586
S,0.11609959602355957,0.01563715934753418
S,0.10763907432556152,0.12419843673706055
S,0.13265228271484375,0.558941125869751
BACKSPACE,0.12360358238220215,0.005997419357299805
E,0.10241341590881348,0.04723668098449707
N,0.2005023956298828,-0.06055760383605957
SPACE,0.12308883666992188,0.06245732307434082
U,0.1560506820678711,-0.02461695671081543
N,0.1355299949645996,0.03030109405517578
D,0.12355971336364746,-0.032663583755493164
SPACE,0.14046120643615723,0.15598177909851074
A,0.154219388961792,0.015934467315673828
L,0.09275507926940918,0.07821035385131836
L,0.13944005966186523,-0.04683232307434082
E,0.19938278198242188,-0.07716250419616699
S,0.15444636344909668,-0.047739505767822266
SPACE,0.12317585945129395,0.06479430198669434
SHIFT,0.2089982032775879,-0.11257767677307129
B,0.11257767677307129,0.14082741737365723
E,0.1382589340209961,0.09206080436706543
L,0.14188480377197266,-0.0338287353515625
A,0.18544650077819824,-0.015404462814331055
S,0.14886736869812012,0.0054912567138671875
T,0.18412208557128906,-0.04839944839477539
E,0.1570138931274414,0.016030311584472656
N,0.10813689231872559,0.04784679412841797
D,0.1394939422607422,-0.1085214614868164
E,0.1874399185180664,0.10676121711730957
SPACE,0.12424397468566895,0.12406134605407715
A,0.15875887870788574,-0.05270886421203613
B,0.0956106185913086,0.12374329566955566
G,0.12369227409362793,-0.04625725746154785
E,0.13997173309326172,-0.04714560508728027
L,0.17361140251159668,-0.0016219615936279297
G,0.12360525131225586,0.3091392517089844
BACKSPACE,0.15625905990600586,0.40586137771606445
E,0.1524038314819336,0.047513723373413086
G,0.09473872184753418,0.10103130340576172
T,0.11676239967346191,0.9842813014984131
.,0.09145760536193848,0.4660494327545166
SPACE,0.1034085750579834,0.46335291862487793
SHIFT,0.5404818058013916,-0.19059967994689941
S,0.14495539665222168,0.09312057495117188
I,0.09306049346923828,0.07615280151367188
N,0.12515592575073242,0.005103349685668945
D,0.09308743476867676,-0.021105051040649414
SPACE,0.10854029655456543,0.03308868408203125
D,0.12186074256896973,0.015224456787109375
I,0.12511467933654785,-0.060622453689575195
E,0.09797883033752441,0.03907012939453125
SPACE,0.10783004760742188,-0.002833127975463867
SHIFT,0.5607283115386963,-0.20267534255981445
F,0.13520383834838867,0.28754591941833496
R,0.07826924324035645,0.06126689910888672
Ü,0.0634763240814209,0.08480238914489746
C,0.11322307586669922,-0.007838726043701172
H,0.11535072326660156,0.04622316360473633
T,0.17115330696105957,-0.07855224609375
E,0.16034722328186035,-0.019895076751708984
SPACE,0.10387539863586426,0.05329132080078125
G,0.12319588661193848,0.04474830627441406
E,0.15238356590270996,0.0793306827545166
R,0.1526505947113037,-0.006694316864013672
E,0.15681791305541992,0.02340412139892578
I,0.13852858543395996,0.023767709732055664
G,0.08150601387023926,0.3889303207397461
BACKSPACE,0.1357102394104004,-0.04291701316833496
F,0.1073455810546875,0.0632486343383789
T,0.1246802806854248,-0.047510623931884766
SPACE,0.14034056663513184,0.027857542037963867
U,0.1542799472808838,0.023805618286132812
N,0.12755537033081055,0.004316806793212891
D,0.13736748695373535,0.014739036560058594
SPACE,0.12589311599731445,0.35381603240966797
D,0.1534440517425537,0.01532602310180664
A,0.1697843074798584,-0.07777118682861328
M,0.12367630004882812,0.047477006912231445
I,0.13846111297607422,-0.06176304817199707
T,0.10787057876586914,-0.011655569076538086
SPACE,0.1190805435180664,0.0464322566986084
D,0.08090019226074219,0.013195514678955078
I,0.12454438209533691,-0.0323948860168457
E,0.13895440101623535,-0.06186223030090332
SPACE,0.12219357490539551,0.046747446060180664
N,0.12261366844177246,-0.0610203742980957
A,0.1849358081817627,-0.10640263557434082
C,0.18212008476257324,-0.06016874313354492
H,0.08343887329101562,0.10358381271362305
F,0.10982680320739746,-0.015330791473388672
O,0.07648134231567383,0.10953092575073242
L,0.10917210578918457,0.09031534194946289
G,0.12498188018798828,0.14005780220031738
E,0.14074206352233887,0.07478451728820801
N,0.04662656784057617,0.10709810256958008
D,0.15390896797180176,-0.028920650482177734
E,0.17224693298339844,0.007554292678833008
SPACE,0.12346172332763672,0.13858366012573242
SHIFT,0.2619750499725342,-0.09382486343383789
G,0.09382486343383789,0.0978701114654541
E,0.14920830726623535,-0.04613041877746582
N,0.15392184257507324,0.09283781051635742
E,0.06228351593017578,0.5882723331451416
R,0.12481904029846191,0.046538352966308594
A,0.1949152946472168,-0.041512489318847656
T,0.14046072959899902,0.015259742736816406
I,0.2466580867767334,-0.16240978240966797
O,0.17730331420898438,-0.07725882530212402
N,0.20173954963684082,-0.031874895095825195
SPACE,0.14070868492126465,0.06081104278564453
G,0.1546769142150879,-0.0475466251373291
E,0.14545488357543945,-0.020319461822509766
S,0.1690361499786377,-0.046198129653930664
C,0.1238105297088623,-0.09277462959289551
I,0.14062976837158203,0.01619434356689453
H,0.13273906707763672,-0.04153156280517578
E,0.2160048484802246,-0.10711264610290527
R,0.16979455947875977,0.0924687385559082
T,0.10595703125,1.1773407459259033
BACKSPACE,0.11338281631469727,0.0620265007019043
BACKSPACE,0.08666396141052246,0.08329248428344727
BACKSPACE,0.07673215866088867,0.043013572692871094
BACKSPACE,0.09578251838684082,0.06038665771484375
BACKSPACE,0.07654333114624023,0.6362595558166504
BACKSPACE,0.0906369686126709,0.1751387119293213
I,0.13208603858947754,-0.029769182205200195
C,0.16505670547485352,-0.025960206985473633
H,0.10917377471923828,0.014929771423339844
E,0.1690990924835205,-0.10678911209106445
R,0.1699674129486084,0.08468794822692871
T,0.11929011344909668,0.33649444580078125
",",0.17168164253234863,-0.04160618782043457
SPACE,0.15448307991027832,-0.05197310447692871
T,0.200026273727417,-0.031046628952026367
R,0.1693105697631836,-0.03053426742553711
E,0.18621063232421875,-0.042380332946777344
N,0.08766627311706543,0.04085254669189453
N,0.14424920082092285,0.09334230422973633
T,0.1216285228729248,0.030463218688964844
SPACE,0.10826492309570312,0.0019576549530029297
S,0.18307161331176758,-0.04865217208862305
I,0.07892417907714844,-0.014304161071777344
C,0.1225433349609375,0.12312674522399902
H,0.11098027229309082,0.14052915573120117
D,0.11792612075805664,0.006317853927612305
SPACE,0.12332963943481445,0.3069343566894531
BACKSPACE,0.07873725891113281,0.05640220642089844
BACKSPACE,0.13013625144958496,0.10876989364624023
SPACE,0.12463617324829102,-0.03193378448486328
D,0.0953066349029541,0.07721328735351562
E,0.13826370239257812,-0.07808327674865723
R,0.1411573886871338,-0.03142237663269043
SPACE,0.0931081771850586,0.01551198959350586
SHIFT,0.26540422439575195,-0.13834476470947266
B,0.07686638832092285,0.1420762538909912
A,0.17100000381469727,-0.031016826629638672
U,0.05634021759033203,0.1313779354095459
M,0.1832108497619629,-0.0608983039855957
SPACE,0.1374361515045166,0.06194710731506348
V,0.13904547691345215,0.10083246231079102
O,0.160905122756958,0.03081035614013672
M,0.15379118919372559,-0.03161931037902832
SPACE,0.15607500076293945,-0.04569840431213379
SHIFT,0.46186351776123047,-0.12258148193359375
L,0.10695481300354004,0.0960853099822998
A,0.12489485740661621,-0.016204833984375
U,0.20187163352966309,-0.07864785194396973
B,0.15552139282226562,0.8957626819610596
",",0.13825535774230957,-0.04889321327209473
SPACE,0.15673184394836426,0.17049479484558105
S,0.17221665382385254,-0.046647071838378906
O,0.10178518295288086,-0.0020339488983154297
SPACE,0.16414451599121094,0.03018474578857422
W,0.1380918025970459,-0.0308992862701416
I,0.12491512298583984,-0.007223606109619141
E,0.14176273345947266,0.0198361873626709
SPACE,0.10728597640991211,1.685476303100586
BACKSPACE,0.09027338027954102,0.09377813339233398
BACKSPACE,0.09511923789978027,0.061826229095458984
BACKSPACE,0.10135793685913086,0.05668187141418457
BACKSPACE,0.26604270935058594,0.0544586181640625
BACKSPACE,0.11151909828186035,0.09898066520690918
BACKSPACE,0.09272575378417969,0.0631711483001709
BACKSPACE,0.12447762489318848,0.32690906524658203
W,0.12635231018066406,-0.032030582427978516
I,0.1081545352935791,0.014756202697753906
E,0.14207816123962402,-0.07495951652526855
SPACE,0.15168190002441406,0.03141188621520996
D,0.10639381408691406,-0.0455472469329834
E,0.2324512004852295,-0.10853838920593262
R,0.17044711112976074,-0.03166794776916504
SPACE,0.094268798828125,0.06222891807556152
SHIFT,0.2139284610748291,-0.11411595344543457
M,0.11411595344543457,0.08419156074523926
E,0.15408015251159668,-0.015129804611206055
N,0.12396597862243652,-0.053117990493774414
S,0.16107797622680664,-0.07691025733947754
C,0.20353341102600098,-0.06343197822570801
H,0.14101839065551758,0.036878347396850586
SPACE,0.13397216796875,0.06232571601867676
V,0.14260578155517578,-0.015439748764038086
O,0.21871542930603027,-0.0957949161529541
N,0.1905076503753662,-0.0792548656463623
SPACE,0.15639185905456543,0.01585245132446289
S,0.1716289520263672,-0.06239795684814453
E,0.17063212394714355,-0.032161712646484375
I,0.15556955337524414,0.031059741973876953
N,0.12292170524597168,0.06433439254760742
E,0.13828015327453613,-0.015935897827148438
M,0.1873323917388916,-0.07438874244689941
SPACE,0.18361210823059082,-0.04595375061035156
SHIFT,0.5277338027954102,-0.2174844741821289
A,0.18661260604858398,0.14751410484313965
N,0.13093328475952148,0.031188488006591797
Z,0.12213134765625,0.0018537044525146484
U,0.1408085823059082,0.014756917953491211
G,0.12175774574279785,-0.01551055908203125
SPACE,0.11369037628173828,1.6819312572479248
BACKSPACE,0.09392499923706055,0.1552751064300537
.,0.5909039974212646,-0.4766383171081543
SHIFT,0.4766383171081543,0.5144081115722656
SPACE,0.1262984275817871,0.07781839370727539
SHIFT,0.5794723033905029,-0.19036221504211426
W,0.11225175857543945,0.12511634826660156
I,0.155409574508667,-0.06509160995483398
N,0.19069886207580566,-0.07889032363891602
T,0.11013174057006836,0.03161048889160156
E,0.09205889701843262,-0.04612112045288086
R,0.15664339065551758,0.016464710235595703
Z,0.10884356498718262,-0.04670858383178711
E,0.14031600952148438,0.015496969223022461
I,0.1404266357421875,-0.01574420928955078
T,0.12430405616760254,-0.0158078670501709
SPACE,0.10958313941955566,0.10916662216186523
I,0.12224483489990234,0.05885815620422363
S,0.22174954414367676,-0.04673624038696289
T,0.17105340957641602,-0.032163143157958984
SPACE,0.12581253051757812,0.10098767280578613
SHIFT,0.32677364349365234,-0.13637065887451172
R,0.061460018157958984,0.23427796363830566
U,0.08919143676757812,0.049131155014038086
H,0.1406404972076416,0.0305478572845459
E,0.1239786148071289,0.4270133972167969
Z,0.09566545486450195,0.015405893325805664
E,0.15781402587890625,-0.047745466232299805
I,0.10885167121887207,0.03121495246887207
T,0.13824009895324707,0.6912581920623779
.,0.0915520191192627,0.0602869987487793
SPACE,0.13819146156311035,0.07721757888793945
SHIFT,0.2797367572784424,-0.12041759490966797
M,0.09390759468078613,0.09093451499938965
E,0.1546323299407959,-0.06139326095581055
I,0.17240595817565918,-0.032523155212402344
N,0.13223576545715332,0.006813526153564453
E,0.1286306381225586,-0.005179882049560547
SPACE,0.1290428638458252,-0.00609898567199707
SHIFT,0.2667236328125,-0.13803791999816895
F,0.13803791999816895,0.10118293762207031
R,0.19750690460205078,-0.11265206336975098
A,0.21985888481140137,-0.061525821685791016
U,0.16943669319152832,-0.025410890579223633
SPACE,0.216050386428833,0.935866117477417
U,0.12550687789916992,-0.013097286224365234
N,0.18256735801696777,-0.06191658973693848
D,0.12223625183105469,-0.04581642150878906
SPACE,0.12183904647827148,-0.015212774276733398
I,0.18762636184692383,-0.07801508903503418
C,0.11548662185668945,-0.03512859344482422
H,0.1372673511505127,-0.09302926063537598
SPACE,0.13419818878173828,0.037850379943847656
L,0.13683056831359863,0.059638023376464844
I,0.13001799583435059,-0.013067245483398438
E,0.12307047843933105,-0.047395944595336914
B,0.12381601333618164,0.01593160629272461
E,0.0944526195526123,-0.002106904983520508
N,0.1570892333984375,-0.0626521110534668
SPACE,0.1386854648590088,0.10701632499694824
D,0.1230001449584961,-0.029662609100341797
I,0.10725712776184082,0.0322420597076416
E,0.12322425842285156,-0.015882492065429688
SPACE,0.09144115447998047,0.015277385711669922
S,0.15726828575134277,-0.08018851280212402
C,0.17179536819458008,-0.09504389762878418
H,0.08029508590698242,0.08971071243286133
N,0.12460780143737793,-0.04700160026550293
E,0.14017534255981445,0.07706546783447266
E,0.13782119750976562,-0.0066835880279541016
R,0.19203877449035645,-0.06264328956604004
E,0.14098763465881348,-0.016881704330444336
I,0.14081954956054688,-0.030530929565429688
C,0.15495920181274414,-0.028151512145996094
H,0.10494160652160645,-0.04648852348327637
E,0.17754125595092773,0.18842291831970215
N,0.14528608322143555,0.15410399436950684
SPACE,0.1149752140045166,0.12294340133666992
SHIFT_R,0.24909615516662598,-0.11529707908630371
W,0.12368941307067871,0.07585430145263672
I,0.1882185935974121,-0.016760587692260742
N,0.1396033763885498,-0.03224301338195801
T,0.09505653381347656,0.07808542251586914
E,0.15437865257263184,-0.060135602951049805
R,0.12833118438720703,0.00961923599243164
SPACE,0.0923776626586914,0.03142595291137695
I,0.16965985298156738,-0.06139373779296875
N,0.15447068214416504,-0.016843318939208984
SPACE,0.0950775146484375,-0.06339025497436523
D,0.1414775848388672,-0.03271842002868652
E,0.21462607383728027,-0.1046755313873291
R,0.09443283081054688,0.5221004486083984
BACKSPACE,0.09183168411254883,0.09288454055786133
N,0.21580791473388672,-0.07777094841003418
SPACE,0.13872981071472168,0.15459680557250977
SHIFT_R,0.44626879692077637,-0.2276310920715332
B,0.16767573356628418,0.07716798782348633
E,0.15663790702819824,-0.07810640335083008
R,0.15966176986694336,0.010818719863891602
G,0.127608060836792,0.05689263343811035
E,0.14113259315490723,-0.011471033096313477
N,0.1660909652709961,0.20270943641662598
",",0.18509364128112793,0.030327558517456055
SPACE,0.13985753059387207,0.4345977306365967
BACKSPACE,0.07750439643859863,0.04149150848388672
BACKSPACE,0.09805130958557129,0.2019507884979248
.,0.170485258102417,0.062061309814453125
SPACE,0.16649580001831055,0.09385871887207031
D,0.10731172561645508,0.2766885757446289
BACKSPACE,0.10841703414916992,0.1393747329711914
SHIFT_R,0.29276275634765625,-0.16225028038024902
S,0.10922026634216309,0.08354997634887695
E,0.13878488540649414,0.046968936920166016
I,0.12283015251159668,-0.031213045120239258
T,0.12223625183105469,-0.01484060287475586
SPACE,0.12348365783691406,0.05978536605834961
V,0.10959625244140625,-0.06088137626647949
I,0.14071440696716309,0.04575324058532715
E,0.12315583229064941,-0.031215667724609375
L,0.1036078929901123,0.020815610885620117
E,0.134415864944458,0.005089282989501953
N,0.18514299392700195,0.04837203025817871
SPACE,0.12134289741516113,0.008686304092407227
SHIFT,0.2524731159210205,-0.1062309741973877
J,0.1062309741973877,0.15521454811096191
A,0.1722726821899414,-0.021006345748901367
H,0.1289997100830078,0.014754056930541992
R,0.17152810096740723,-0.07734870910644531
E,0.16921353340148926,-0.04543042182922363
N,0.2595372200012207,-0.08671092987060547
SPACE,0.1536426544189453,1.8063757419586182
R,0.1812138557434082,-0.06271100044250488
E,0.1405472755432129,-0.016369104385375977
I,0.11113595962524414,-0.01331472396850586
S,0.16894102096557617,-0.06154680252075195
E,0.17126750946044922,-0.015051603317260742
N,0.17148303985595703,-0.07866263389587402
SPACE,0.12396359443664551,0.06291532516479492
W,0.10764408111572266,-0.031478166580200195
I,0.12484622001647949,0.015027999877929688
R,0.10892033576965332,-0.015748023986816406
SPACE,0.09298229217529297,0.15239548683166504
Z,0.08272933959960938,0.0934607982635498
U,0.07786965370178223,0.15599966049194336
M,0.1693265438079834,-0.03212761878967285
SPACE,0.11083269119262695,0.015030622482299805
SHIFT,0.21531271934509277,-0.0920705795288086
J,0.0920705795288086,0.07805657386779785
A,0.12712764739990234,-0.009096622467041016
H,0.10299205780029297,0.014427423477172852
R,0.155517578125,-0.04328036308288574
E,0.1848149299621582,-0.061553001403808594
S,0.10818767547607422,0.07688069343566895
W,0.17149949073791504,-0.08438944816589355
E,0.1770155429840088,0.2696564197540283
C,0.20544075965881348,0.015318632125854492
H,0.11794114112854004,0.06088113784790039
S,0.15596699714660645,-0.06234550476074219
E,0.1813967227935791,-0.056952714920043945
L,0.2041170597076416,-0.016341447830200195
SPACE,0.14144253730773926,0.031159162521362305
F,0.1719198226928711,0.2789599895477295
Ü,0.12450647354125977,0.030888795852661133
R,0.15316557884216309,0.0030298233032226562
SPACE,0.10626649856567383,0.10891175270080566
5,0.09184503555297852,0.0633540153503418
SPACE,0.07757186889648438,0.15461397171020508
SHIFT_R,0.3544790744781494,-0.27753663063049316
W,0.18686342239379883,0.2880570888519287
O,0.14469599723815918,0.01599597930908203
C,0.10970616340637207,0.030641555786132812
H,0.09233427047729492,0.015351057052612305
E,0.08790159225463867,0.021641969680786133
N,0.18760371208190918,-0.06367802619934082
SPACE,0.12404036521911621,0.03160977363586426
I,0.15569710731506348,-0.031620025634765625
N,0.17186474800109863,-0.04720592498779297
SPACE,0.14002251625061035,0.03290367126464844
E,0.13893437385559082,-0.06290292739868164
I,0.1561264991760254,-0.06176137924194336
N,0.15564537048339844,-0.04628944396972656
SPACE,0.14121794700622559,0.07769036293029785
K,0.14017224311828613,-0.04313778877258301
L,0.13673973083496094,0.04577946662902832
E,0.1252446174621582,-0.031244754791259766
I,0.17147493362426758,-0.07814478874206543
N,0.18628954887390137,-0.04659152030944824
E,0.2024073600769043,-0.10997509956359863
S,0.17937755584716797,0.021330833435058594
SPACE,0.11003327369689941,0.015609979629516602
SHIFT,0.6371109485626221,-0.20265960693359375
D,0.1076653003692627,0.2377316951751709
O,0.12364029884338379,-0.015340566635131836
R,0.10988187789916992,0.09244203567504883
F,0.1252291202545166,-0.0320429801940918
SPACE,0.1237020492553711,0.01657247543334961
I,0.18927431106567383,-0.06284070014953613
N,0.20304417610168457,-0.04707956314086914
SPACE,0.15509414672851562,0.0018723011016845703
SHIFT,0.44931578636169434,0.14864349365234375
BACKSPACE,0.06402349472045898,0.09240317344665527
BACKSPACE,0.061406612396240234,0.12111449241638184
M,0.20863580703735352,-0.07968425750732422
SPACE,0.14159488677978516,0.031610965728759766
SHIFT,0.2923281192779541,-0.1124734878540039
B,0.09815263748168945,0.12108659744262695
A,0.16960835456848145,0.3088815212249756
Y,0.10844254493713379,0.13696599006652832
E,0.20375871658325195,-0.09406542778015137
R,0.15171217918395996,0.020374774932861328
I,0.1375586986541748,-0.0594480037689209
S,0.21521592140197754,-0.07738280296325684
C,0.15174245834350586,-0.05926775932312012
H,0.09066104888916016,0.030980348587036133
E,0.17086148262023926,-0.06259560585021973
N,0.4190356731414795,0.6825425624847412
SPACE,0.12281417846679688,0.1693270206451416
SHIFT_R,0.30910396575927734,-0.13807964324951172
W,0.10939216613769531,0.23102259635925293
A,0.15395879745483398,0.014469385147094727
L,0.10767531394958496,0.2961540222167969
D,0.12287378311157227,-0.016072988510131836
SPACE,0.12352633476257324,0.6163053512573242
BACKSPACE,0.09125447273254395,0.6615889072418213
",",0.09192895889282227,-0.01558232307434082
SPACE,0.12423348426818848,0.03331446647644043
N,0.1493513584136963,-0.014992475509643555
A,0.12281966209411621,-0.06225132942199707
C,0.20112204551696777,-0.06069469451904297
H,0.20160937309265137,-0.0484616756439209
SPACE,0.1353602409362793,0.005274534225463867
SHIFT,0.2350318431854248,-0.12564563751220703
B,0.09130239486694336,0.1707763671875
U,0.13932132720947266,-0.015564203262329102
C,0.14002609252929688,-0.030861377716064453
H,0.1068418025970459,0.016302108764648438
E,0.10851478576660156,-0.0028946399688720703
N,0.13959264755249023,0.014869451522827148
A,0.1549842357635498,-0.04665422439575195
U,0.18319249153137207,-0.011788368225097656
SPACE,0.13600444793701172,0.6227877140045166
BACKSPACE,0.12378358840942383,0.23088908195495605
",",0.15350580215454102,0.04586219787597656
SPACE,0.13732671737670898,0.0021669864654541016
SHIFT,0.3565990924835205,-0.23195743560791016
D,0.1663825511932373,0.0037686824798583984
I,0.06180620193481445,0.2468273639678955
BACKSPACE,0.07657694816589355,0.07596302032470703
BACKSPACE,0.09104561805725098,0.06232285499572754
BACKSPACE,0.09214544296264648,0.04685068130493164
BACKSPACE,0.07769513130187988,0.4623870849609375
.,0.11326122283935547,0.053002357482910156
SPACE,0.11192631721496582,-0.031467437744140625
SHIFT,0.3684663772583008,-0.18448853492736816
D,0.13986420631408691,0.32459592819213867
I,0.10839033126831055,-0.0023446083068847656
E,0.14076018333435059,-0.03185606002807617
SPACE,0.15488386154174805,0.09408950805664062
S,0.13782119750976562,-0.04501152038574219
O,0.07628917694091797,0.12489008903503418
L,0.13903307914733887,0.23452496528625488
I,0.10686326026916504,0.8515386581420898
D,0.21724557876586914,-0.0541386604309082
E,0.1391463279724121,-0.013100624084472656
SPACE,0.0913541316986084,0.029993772506713867
SHIFT,0.201310396194458,-0.05397987365722656
G,0.05397987365722656,0.11100411415100098
A,0.17204761505126953,0.0923163890838623
S,0.15389609336853027,0.14058208465576172
T,0.09812164306640625,0.04095339775085449
L,0.09419512748718262,0.031211376190185547
I,0.16066670417785645,-0.009334087371826172
H,0.096527099609375,-0.062044620513916016
C,0.1163020133972168,0.13074779510498047
K,0.09227132797241211,0.002173900604248047
E,0.07565593719482422,0.030738115310668945
I,0.1078944206237793,0.015488862991333008
T,0.10893106460571289,-0.03160738945007324
SPACE,0.1227569580078125,0.04808211326599121
U,0.09587788581848145,0.013365507125854492
N,0.15355730056762695,-0.01572442054748535
D,0.08184242248535156,0.010200262069702148
SPACE,0.1032562255859375,0.0045735836029052734
D,0.1006312370300293,0.04084372520446777
I,0.09244513511657715,0.23026394844055176
BACKSPACE,0.7756001949310303,0.10619354248046875
BACKSPACE,0.09447050094604492,0.09003758430480957
BACKSPACE,0.07854437828063965,0.12240338325500488
BACKSPACE,0.10732150077819824,0.11045598983764648
C,0.18408560752868652,-0.0775597095489502
H,0.10661768913269043,0.18608975410461426
K,0.07829785346984863,0.01568770408630371
E,0.13956546783447266,-0.03215360641479492
I,0.09444236755371094,0.044728994369506836
T,0.1096808910369873,-0.045148611068725586
SPACE,0.12205886840820312,0.06343984603881836
U,0.09460115432739258,0.03171205520629883
N,0.10860991477966309,0.01610732078552246
D,0.09108185768127441,-0.015779972076416016
SPACE,0.10736823081970215,0.04732966423034668
D,0.07867026329040527,-0.01570916175842285
I,0.10809016227722168,0.0023107528686523438
E,0.10737729072570801,-0.048017263412475586
SPACE,0.10908842086791992,0.03110504150390625
N,0.12231826782226562,-0.0031087398529052734
A,0.15895771980285645,0.0024187564849853516
T,0.12022566795349121,0.3116648197174072
P,0.0531923770904541,0.3479766845703125
BACKSPACE,0.0637826919555664,0.2653987407684326
P,0.03239011764526367,0.3875772953033447
BACKSPACE,0.10875248908996582,0.5099678039550781
Ü,0.07648921012878418,0.062151193618774414
R,0.10649657249450684,0.11043095588684082
L,0.12450766563415527,0.01494455337524414
I,0.1241757869720459,0.005661964416503906
C,0.14903616905212402,-0.03211665153503418
H,0.12392544746398926,0.015136480331420898
E,0.12436962127685547,0.4784121513366699
SPACE,0.12200927734375,0.4195444583892822
SHIFT,0.27806758880615234,-0.13861680030822754
S,0.12229275703430176,0.13973760604858398
T,0.1062631607055664,0.004868030548095703
I,0.08993697166442871,0.0624852180480957
L,0.07647895812988281,0.07681751251220703
L,0.15524530410766602,0.16975188255310059
E,0.12324285507202148,0.031800031661987305
SPACE,0.09348559379577637,0.060767412185668945
I,0.16663289070129395,-0.014412164688110352
N,0.10732817649841309,0.5371170043945312
SPACE,0.12659001350402832,-0.011904716491699219
D,0.15459227561950684,-0.014204263687133789
E,0.19757342338562012,-0.11920452117919922
R,0.13399338722229004,-0.04668092727661133
SPACE,0.11022210121154785,0.0779581069946289
SHIFT,0.1703500747680664,-0.0775308609008789
N,0.0775308609008789,0.07830166816711426
A,0.12592482566833496,-0.049710750579833984
C,0.15540409088134766,0.0031211376190185547
H,0.10833930969238281,0.06204104423522949
T,0.09225273132324219,0.41627979278564453
SPACE,0.07782483100891113,0.11893653869628906
S,0.15187573432922363,0.02376842498779297
I,0.040604352951049805,0.2235562801361084
N,0.13730716705322266,0.015514373779296875
D,0.10597610473632812,0.003291606903076172
SPACE,0.12072348594665527,0.01507711410522461
E,0.1544036865234375,-0.01428532600402832
I,0.12097716331481934,-0.01486515998840332
G,0.11676478385925293,0.007698774337768555
E,0.153486967086792,-0.014983177185058594
N,0.09088516235351562,-0.007185220718383789
T,0.08655881881713867,0.02997112274169922
L,0.12102150917053223,-0.04519033432006836
I,0.10728859901428223,0.07465815544128418
C,0.12805771827697754,-0.03166604042053223
H,0.10784053802490234,0.1871492862701416
SPACE,0.12254095077514648,0.09310269355773926
U,0.07292819023132324,0.08212780952453613
N,0.0980522632598877,0.12063479423522949
B,0.07779812812805176,-0.02970576286315918
E,0.1531200408935547,0.17167067527770996
Z,0.0930473804473877,0.030378103256225586
A,0.13950395584106445,-0.06300973892211914
H,0.09411478042602539,0.048761606216430664
L,0.13193798065185547,0.08011865615844727
B,0.1115105152130127,-0.04725456237792969
A,0.17053437232971191,-0.053534507751464844
R,0.16387271881103516,0.7912659645080566
.,0.12295985221862793,0.06506848335266113
SPACE,0.13468408584594727,0.12267827987670898
SHIFT,0.7902977466583252,-0.17001771926879883
F,0.0928952693939209,0.23418593406677246
Ü,0.0909264087677002,0.046141624450683594
R,0.10817861557006836,-0.002691030502319336
SPACE,0.1103971004486084,0.21627402305603027
SHIFT,0.357332706451416,-0.18611907958984375
S,0.15535497665405273,0.12331056594848633
P,0.09439730644226074,0.015309572219848633
A,0.18663668632507324,0.05931878089904785
Z,0.07641029357910156,0.045953989028930664
I,0.1403975486755371,-0.03169989585876465
E,0.16986608505249023,-0.04651379585266113
R,0.13945436477661133,0.43239641189575195
G,0.10960698127746582,0.23061084747314453
Ä,0.1378474235534668,0.03252291679382324
N,0.13753604888916016,-0.003323793411254883
G,0.17623519897460938,-0.07891511917114258
E,0.17289042472839355,0.4481048583984375
SPACE,0.09263920783996582,0.09274935722351074
I,0.07659411430358887,0.23104548454284668
N,0.1684401035308838,-0.014734268188476562
SPACE,0.16853070259094238,-0.03085613250732422
D,0.12397336959838867,-0.015432357788085938
E,0.20128250122070312,-0.07973790168762207
R,0.14031529426574707,-0.04746866226196289
SPACE,0.12343263626098633,0.047650814056396484
SHIFT,0.3230607509613037,-0.12337565422058105
W,0.09285330772399902,0.37174272537231445
BACKSPACE,0.1230623722076416,0.01746058464050293
W,0.18453741073608398,-0.06218075752258301
E,0.1712045669555664,0.048779964447021484
I,0.13471269607543945,0.04755449295043945
B,0.1101536750793457,0.001806020736694336
L,0.15824532508850098,-0.02073526382446289
I,0.13790059089660645,-0.015572309494018555
C,0.13875460624694824,-0.046280860900878906
H,0.11701035499572754,0.004731893539428711
E,0.13350272178649902,0.006829261779785156
N,0.1369922161102295,-0.06043696403503418
SPACE,0.11425995826721191,0.039051055908203125
SHIFT,0.21445608139038086,-0.10685586929321289
L,0.10685586929321289,0.07845640182495117
A,0.15567827224731445,-0.042353153228759766
N,0.13544058799743652,0.1250309944152832
S,0.18672728538513184,0.09106993675231934
C,0.184861421585083,-0.015756845474243164
H,0.1093895435333252,0.17124414443969727
A,0.17047524452209473,0.5663022994995117
BACKSPACE,0.09832215309143066,0.06082296371459961
BACKSPACE,0.10280704498291016,0.02237868309020996
BACKSPACE,0.10826444625854492,0.06218981742858887
BACKSPACE,0.10865616798400879,0.24684810638427734
D,0.12170696258544922,0.19810199737548828
S,0.1862952709197998,-0.07738161087036133
C,0.15424752235412598,-0.031111478805541992
H,0.09321355819702148,-0.04671645164489746
A,0.2614462375640869,-0.13817691802978516
F,0.15772795677185059,0.0710902214050293
T,0.15629053115844727,0.1535201072692871
SPACE,0.1524646282196045,0.5878174304962158
W,0.15376806259155273,-0.04691123962402344
E,0.17210745811462402,-0.07804441452026367
R,0.12371945381164551,0.08768296241760254
D,0.21456074714660645,-0.13327693939208984
E,0.20084357261657715,-0.061760902404785156
N,0.18576717376708984,-0.06315946578979492
SPACE,0.10928845405578613,0.11351728439331055
J,0.1513841152191162,-0.07871150970458984
E,0.11071133613586426,0.0782017707824707
D,0.13825559616088867,-0.04656052589416504
E,0.15870428085327148,0.01072239875793457
N,0.20253682136535645,-0.07322239875793457
SPACE,0.15080475807189941,-0.03246927261352539
SHIFT,0.26518821716308594,-0.13926005363464355
M,0.12504029273986816,0.07821321487426758
O,0.1394045352935791,0.046195030212402344
R,0.07926273345947266,0.10719895362854004
G,0.1719198226928711,-0.06251859664916992
E,0.1694047451019287,-0.04654741287231445
N,0.15421414375305176,-0.07872438430786133
SPACE,0.14011502265930176,-0.045552730560302734
D,0.13826990127563477,-0.002277374267578125
I,0.09606623649597168,0.0149078369140625
E,0.1081686019897461,-0.030375957489013672
SPACE,0.10822510719299316,0.03179597854614258
SHIFT,0.2510199546813965,-0.14225435256958008
L,0.09289836883544922,0.2956974506378174
O,0.0762033462524414,0.0741891860961914
I,0.12474656105041504,0.09320473670959473
P,0.12654566764831543,0.04531216621398926
E,0.13985443115234375,-0.02569746971130371
N,0.20380640029907227,-0.0367426872253418
SPACE,0.09142804145812988,1.112299919128418
D,0.0794060230255127,0.32409000396728516
BACKSPACE,0.11529827117919922,-0.0054666996002197266
F,0.09158587455749512,0.09190726280212402
R,0.1072087287902832,-0.02928328514099121
I,0.15009093284606934,-0.05822563171386719
S,0.168229341506958,-0.07744789123535156
C,0.15212607383728027,-0.0440523624420166
H,0.12424659729003906,-0.016116619110107422
E,0.15601348876953125,0.06112408638000488
SPACE,0.10845327377319336,0.7122716903686523
BACKSPACE,0.061757802963256836,0.0770413875579834
BACKSPACE,0.10864877700805664,0.07811737060546875
SPACE,0.14004969596862793,0.005620241165161133
E,0.09618973731994629,-0.00773930549621582
I,0.1411888599395752,-0.03145432472229004
N,0.13878631591796875,-0.04456067085266113
G,0.12136220932006836,0.03112936019897461
E,0.16982579231262207,-0.014564990997314453
F,0.18489766120910645,-0.01584339141845703
A,0.1865220069885254,-0.06272220611572266
H,0.09332728385925293,-0.015528440475463867
R,0.16472697257995605,-0.07174324989318848
E,0.17094755172729492,0.03146624565124512
N,0.0311734676361084,0.5736393928527832
.,0.09436464309692383,0.37348175048828125
SPACE,0.10714864730834961,-0.02982187271118164
SHIFT,0.3559267520904541,-0.1859116554260254
W,0.15402483940124512,0.1937859058380127
I,0.13017630577087402,-0.02962183952331543
R,0.12162661552429199,-0.015135765075683594
SPACE,0.12200188636779785,0.18462705612182617
F,0.12317061424255371,0.07567214965820312
Ü,0.13939356803894043,0.6254568099975586
H,0.08971452713012695,0.09272646903991699
L,0.12352848052978516,-0.01487421989440918
E,0.13216948509216309,-0.02280426025390625
N,0.18540549278259277,-0.0789494514465332
SPACE,0.13994646072387695,0.04653143882751465
U,0.12452125549316406,-0.004491567611694336
N,0.1433091163635254,0.015387296676635742
S,0.12427616119384766,-0.045546531677246094
SPACE,0.12198305130004883,0.1225576400756836
D,0.0773475170135498,0.009349822998046875
O,0.06908845901489258,0.3271522521972656
R,0.18416571617126465,-0.015122652053833008
T,0.15513372421264648,0.014043331146240234
SPACE,0.1412050724029541,0.2593555450439453
W,0.15560221672058105,-0.03011488914489746
O,0.1225583553314209,0.26493120193481445
H,0.12173295021057129,0.051404476165771484
L,0.08052563667297363,0.15315985679626465
.,0.11879825592041016,0.046385765075683594
SPACE,0.10772895812988281,0.43359923362731934
SHIFT,0.20151090621948242,-0.06190681457519531
U,0.06190681457519531,0.10026359558105469
N,0.18032598495483398,-0.09001612663269043
S,0.17900538444519043,-0.05837440490722656
E,0.15789508819580078,-0.06313681602478027
R,0.2338418960571289,-0.0479891300201416
E,0.18717551231384277,0.16842389106750488
SPACE,0.1220557689666748,0.004343748092651367
SHIFT,0.241668701171875,0.11085295677185059
I,0.05436897277832031,0.4787271022796631
BACKSPACE,0.09865164756774902,0.029185056686401367
BACKSPACE,0.12603449821472168,0.3537876605987549
SPACE,0.11059260368347168,0.046526193618774414
SHIFT,0.27548980712890625,-0.07605338096618652
K,0.062310218811035156,0.1233360767364502
I,0.17127060890197754,-0.06326580047607422
N,0.1844463348388672,-0.03050398826599121
D,0.10922718048095703,-0.03270411491394043
E,0.20137405395507812,-0.1113119125366211
R,0.14200973510742188,-0.06256651878356934
SPACE,0.12495231628417969,0.03222012519836426
U,0.09297728538513184,0.03073430061340332
N,0.12971854209899902,0.008185148239135742
D,0.09412980079650879,-0.015146732330322266
SPACE,0.13730955123901367,-0.014741182327270508
SHIFT,0.3239121437072754,-0.16951751708984375
E,0.10852336883544922,0.1871936321258545
N,0.07726216316223145,0.15335917472839355
K,0.07241296768188477,0.049674272537231445
E,0.14005684852600098,0.04588460922241211
L,0.12362003326416016,0.2298886775970459
SPACE,0.10980510711669922,0.19878149032592773
W,0.15589570999145508,-0.004790306091308594
O,0.06543707847595215,0.12409234046936035
L,0.06302261352539062,0.042020559310913086
L,0.10640835762023926,-0.003107309341430664
E,0.1302645206451416,0.004071950912475586
N,0.15343236923217773,-0.06135392189025879
SPACE,0.1384284496307373,0.01645803451538086
L,0.1379413604736328,-0.015250921249389648
E,0.09769439697265625,0.0257415771484375
U,0.10755133628845215,-0.01568889617919922
C,0.12504196166992188,-0.01517796516418457
H,0.12249946594238281,0.015874147415161133
T,0.15395474433898926,-0.04503273963928223
E,0.1394057273864746,-0.029781579971313477
N,0.12160301208496094,0.01615595817565918
D,0.1868739128112793,-0.10858726501464844
E,0.17080974578857422,-0.0292055606842041
SPACE,0.1374835968017578,-0.0034711360931396484
SHIFT,0.35465216636657715,-0.18386626243591309
W,0.15433931350708008,0.1550312042236328
I,0.060945749282836914,0.2635209560394287
BACKSPACE,0.09454154968261719,0.04378819465637207
E,0.12108349800109863,-0.005541324615478516
I,0.10187029838562012,0.1220705509185791
H,0.07771635055541992,0.09472990036010742
N,0.10771369934082031,-0.0659475326538086
A,0.10699605941772461,0.09885692596435547
C,0.14004993438720703,-0.004259347915649414
H,0.08069467544555664,0.04759025573730469
T,0.15730547904968262,-0.01719212532043457
S,0.17124485969543457,0.432614803314209
",",0.044904232025146484,0.2500569820404053
BACKSPACE,0.09077167510986328,0.1386432647705078
M,0.08384037017822266,0.4899015426635742
Ä,0.09261202812194824,0.07689404487609863
R,0.14673757553100586,0.17717289924621582
K,0.09903621673583984,0.03803420066833496
T,0.16994976997375488,-0.07688331604003906
E,0.1430065631866455,0.011133193969726562
SPACE,0.17063689231872559,0.2940824031829834
U,0.10672473907470703,0.26094579696655273
BACKSPACE,0.10941910743713379,0.0772714614868164
BACKSPACE,0.12731647491455078,0.6937563419342041
",",0.12447309494018555,-0.04925084114074707
SPACE,0.15517354011535645,-0.014276742935180664
S,0.15399169921875,-0.030488014221191406
T,0.173112154006958,-0.048366546630859375
E,0.15531253814697266,-0.09265589714050293
I,0.08644556999206543,0.06604814529418945
L,0.13953113555908203,0.015187263488769531
E,0.13068127632141113,0.14566516876220703
SPACE,0.14038586616516113,-0.07636189460754395
SHIFT,0.6037392616271973,-0.3864126205444336
A,0.2637026309967041,0.6849830150604248
B,0.0924522876739502,0.09423422813415527
F,0.1556682586669922,-0.015572786331176758
A,0.21582484245300293,-0.07625985145568848
H,0.09287452697753906,0.014354467391967773
R,0.1519002914428711,0.07760834693908691
T,0.13700461387634277,0.0047147274017333984
E,0.16044187545776367,0.040514230728149414
N,0.1876528263092041,-0.07936429977416992
SPACE,0.1399998664855957,0.0918576717376709
U,0.1102137565612793,0.04604458808898926
N,0.1394641399383545,-0.015994548797607422
D,0.11362695693969727,0.011580705642700195
SPACE,0.12252092361450195,0.06259965896606445
F,0.07188653945922852,0.20687484741210938
R,0.10102987289428711,0.20781660079956055
Ö,0.0769050121307373,0.13838410377502441
G,0.09192728996276855,0.29497599601745605
BACKSPACE,0.10818076133728027,0.06194925308227539
H,0.0767214298248291,0.07512664794921875
L,0.10845470428466797,0.07836699485778809
I,0.09273648262023926,0.04600787162780762
C,0.10766220092773438,0.015117883682250977
H,0.12233710289001465,0.015043973922729492
E,0.10884284973144531,-0.03169441223144531
SPACE,0.1384131908416748,0.03103017807006836
SHIFT,0.2553062438964844,-0.08492136001586914
F,0.08492136001586914,0.09811162948608398
E,0.24937844276428223,-0.09307432174682617
R,0.13813066482543945,0.8629319667816162
BACKSPACE,0.10795950889587402,0.2936584949493408
I,0.12387299537658691,-0.0625920295715332
E,0.21559619903564453,-0.09305930137634277
R,0.15380859375,0.016326427459716797
N,0.18431353569030762,-0.09122467041015625
SPACE,0.1489245891571045,0.0336763858795166
A,0.1738574504852295,0.0320131778717041
",",0.13069725036621094,-0.0075037479400634766
SPACE,0.15454769134521484,0.12395787239074707
SHIFT,0.39984822273254395,-0.16893291473388672
A,0.1546945571899414,0.0758521556854248
B,0.10823178291320801,0.0023424625396728516
E,0.1509568691253662,-0.030504703521728516
N,0.12317442893981934,0.05994105339050293
D,0.11024594306945801,0.21576833724975586
BACKSPACE,0.12492251396179199,0.062070608139038086
BACKSPACE,0.09311652183532715,0.07675313949584961
BACKSPACE,0.09171676635742188,0.06922531127929688
BACKSPACE,0.08560991287231445,0.09133410453796387
BACKSPACE,0.062004804611206055,0.0776662826538086
BACKSPACE,0.09363174438476562,0.30652880668640137
BACKSPACE,0.07873129844665527,0.24860167503356934
M,0.15627312660217285,-0.03190445899963379
SPACE,0.1405184268951416,-0.031423091888427734
SHIFT,0.3422563076019287,-0.20195865631103516
A,0.17179298400878906,-0.015252113342285156
B,0.04541778564453125,0.0822598934173584
E,0.17959928512573242,-0.06236600875854492
N,0.09430336952209473,0.09369945526123047
D,0.1444411277770996,0.7344744205474854
.,0.06253314018249512,1.289837121963501
SPACE,0.13619637489318848,0.0317380428314209
SHIFT,0.524151086807251,-0.18278145790100098
S,0.14061474800109863,0.23224258422851562
I,0.1392533779144287,-0.031720638275146484
E,0.1382896900177002,-0.03135824203491211
SPACE,0.15395212173461914,-0.03113102912902832
F,0.13901734352111816,-0.04540729522705078
A,0.20225167274475098,-0.10082054138183594
H,0.11804318428039551,-0.01572442054748535
R,0.20323610305786133,-0.09448671340942383
E,0.15627026557922363,-0.05278658866882324
N,0.26874732971191406,-0.09415698051452637
SPACE,0.1737537384033203,0.2459580898284912
I,0.12325334548950195,0.03110790252685547
N,0.21929931640625,-0.11014270782470703
SPACE,0.18711423873901367,0.16837191581726074
D,0.14037489891052246,-0.046956777572631836
I,0.09342408180236816,0.0248873233795166
E,0.1171119213104248,0.0038003921508789062
SPACE,0.11548972129821777,0.01569843292236328
SHIFT,0.24853944778442383,-0.09308099746704102
U,0.09068918228149414,0.15670108795166016
R,0.1234276294708252,0.015406131744384766
L,0.1158456802368164,0.007922172546386719
A,0.15320348739624023,-0.0305938720703125
U,0.09919381141662598,0.008202791213989258
B,0.12168097496032715,0.048220157623291016
S,0.1362142562866211,0.12402963638305664
O,0.09537315368652344,-0.03218531608581543
R,0.13746309280395508,0.09464597702026367
T,0.18598675727844238,-0.030719518661499023
E,0.18304085731506348,-0.04686379432678223
SPACE,0.12355971336364746,0.8812556266784668
BACKSPACE,0.10724997520446777,0.2188267707824707
",",0.16735625267028809,-0.03032660484313965
SPACE,0.15536212921142578,-0.03373265266418457
W,0.171006441116333,-0.04802441596984863
O,0.12529420852661133,0.18921852111816406
SPACE,0.12468290328979492,0.14098787307739258
D,0.15132641792297363,0.08202290534973145
I,0.13910746574401855,-0.014844179153442383
E,0.12334084510803223,0.0026502609252929688
SPACE,0.1187601089477539,0.07880759239196777
SHIFT,0.478379487991333,-0.07405543327331543
P,0.07405543327331543,0.17035388946533203
I,0.07854270935058594,-0.03135418891906738
S,0.16922330856323242,-0.006588459014892578
T,0.1599714756011963,-0.05900382995605469
E,0.18500185012817383,-0.015318632125854492
N,0.13863682746887207,-0.04624342918395996
SPACE,0.1057441234588623,0.06073355674743652
N,0.07264924049377441,0.09967827796936035
O,0.10783886909484863,-0.014879226684570312
T,0.10987544059753418,0.06189846992492676
A,0.09209561347961426,0.03083181381225586
F,0.08006811141967773,0.15227317810058594
BACKSPACE,0.10237598419189453,0.4639773368835449
BACKSPACE,0.11512875556945801,0.04713559150695801
F,0.17099523544311523,-0.04824948310852051
A,0.16918349266052246,0.0019369125366210938
L,0.09376645088195801,0.09393620491027832
L,0.12497210502624512,-0.005808115005493164
S,0.14554810523986816,-0.08524942398071289
SPACE,0.13212227821350098,0.051677703857421875
M,0.16974711418151855,-0.02571725845336914
I,0.14014601707458496,0.14231157302856445
T,0.10925793647766113,0.04859042167663574
SPACE,0.12426567077636719,0.0769345760345459
SHIFT,0.34891247749328613,-0.10076570510864258
K,0.07784819602966309,0.20271944999694824
U,0.0752110481262207,0.06394100189208984
N,0.11208772659301758,0.011140108108520508
S,0.142578125,0.013302803039550781
T,0.17151546478271484,0.056244850158691406
S,0.20850825309753418,-0.0942692756652832
C,0.1712327003479004,-0.06099271774291992
H,0.07023215293884277,0.09794449806213379
N,0.11024618148803711,-0.028382062911987305
E,0.08809828758239746,0.09368181228637695
E,0.13721418380737305,0.04696965217590332
SPACE,0.12370157241821289,0.011651754379272461
S,0.17338252067565918,0.3545722961425781
BACKSPACE,0.12220287322998047,-0.01470637321472168
G,0.16959762573242188,-0.06147503852844238
E,0.16831564903259277,-0.04608273506164551
S,0.2029883861541748,-0.0620882511138916
C,0.12282299995422363,-0.10981631278991699
I,0.12514114379882812,0.04635500907897949
H,0.109344482421875,-0.048191070556640625
E,0.17365002632141113,-0.09520125389099121
R,0.140733003616333,0.062398433685302734
T,0.1511552333831787,0.006020307540893555
SPACE,0.13591909408569336,-0.014945030212402344
W,0.15640616416931152,-0.13882136344909668
E,0.21620512008666992,-0.12530279159545898
R,0.16986393928527832,0.7355172634124756
D,0.19956088066101074,-0.09953927993774414
E,0.16004109382629395,0.015140771865844727
N,0.14034485816955566,0.12309145927429199
SPACE,0.10871386528015137,0.07886886596679688
U,0.13663148880004883,-0.012699127197265625
N,0.13575339317321777,-0.06043577194213867
D,0.12438488006591797,0.02975010871887207
SPACE,0.10758066177368164,-0.009009599685668945
H,0.13108372688293457,0.01616954803466797
A,0.1786811351776123,-0.08768773078918457
B,0.09019899368286133,0.018575668334960938
E,0.12216377258300781,-0.01496124267578125
N,0.10848736763000488,-0.06227254867553711
SPACE,0.14123940467834473,-0.014275789260864258
D,0.1401047706604004,-0.016529560089111328
O,0.10840821266174316,0.016054391860961914
R,0.16774725914001465,-0.0763249397277832
T,0.1230309009552002,-0.031081438064575195
SPACE,0.12293887138366699,0.026577472686767578
V,0.15738749504089355,-0.04679107666015625
I,0.13873076438903809,-0.0040912628173828125
E,0.14144039154052734,-0.012305974960327148
L,0.1538698673248291,-0.031479835510253906
SPACE,0.10830879211425781,-0.015545368194580078
SHIFT,0.3268699645996094,-0.1861286163330078
S,0.1541752815246582,-0.03134465217590332
P,0.06329798698425293,0.23407292366027832
A,0.20434975624084473,0.8037333488464355
BACKSPACE,0.0767066478729248,0.060887813568115234
BACKSPACE,0.14044451713562012,0.49143171310424805
P,0.07499408721923828,0.06240057945251465
A,0.12241363525390625,-0.030796289443969727
SS,0.07739424705505371,0.34016871452331543
.,0.10623955726623535,0.09221696853637695
SPACE,0.12371635437011719,0.4803617000579834
SHIFT,0.43297505378723145,-0.1715848445892334
W,0.11064791679382324,0.15522170066833496
I,0.07828927040100098,0.0305020809173584
R,0.12402200698852539,-0.011975526809692383
SPACE,0.14986443519592285,0.031449079513549805
H,0.10828137397766113,0.03094196319580078
A,0.15402674674987793,-0.04789280891418457
B,0.10985660552978516,0.015567541122436523
E,0.15360665321350098,-0.04557204246520996
N,0.14049077033996582,-0.07848739624023438
SPACE,0.15608429908752441,0.07595300674438477
A,0.1398329734802246,0.12359094619750977
L,0.08315873146057129,0.0682373046875
L,0.13698029518127441,-0.07639813423156738
E,0.16885709762573242,-0.046747446060180664
SPACE,0.15456771850585938,0.002682924270629883
E,0.1212916374206543,-0.031407833099365234
I,0.12500786781311035,0.01507425308227539
N,0.09141230583190918,0.0035848617553710938
E,0.13573598861694336,-0.030383586883544922
N,0.1713240146636963,0.2959311008453369
S,0.1240997314453125,0.24907898902893066
BACKSPACE,0.09899449348449707,0.06867194175720215
SPACE,0.1232004165649414,0.03208422660827637
S,0.16960763931274414,-0.029786109924316406
C,0.13543415069580078,-0.036513328552246094
H,0.08174562454223633,0.37291526794433594
Ö,0.08702397346496582,0.12740612030029297
N,0.09150052070617676,-0.005284786224365234
E,0.14400744438171387,-0.03027033805847168
N,0.2010650634765625,-0.0925741195678711
SPACE,0.1533808708190918,0.10902690887451172
SHIFT,0.3108077049255371,-0.1390082836151123
W,0.08785843849182129,0.09738659858703613
I,0.10816049575805664,-0.001875162124633789
N,0.15915155410766602,-0.08168649673461914
T,0.14308786392211914,0.015050888061523438
E,0.18588042259216309,-0.10490298271179199
R,0.16566967964172363,-0.05270838737487793
SPACE,0.14481449127197266,0.5984296798706055
BACKSPACE,0.10901403427124023,0.2310655117034912
",",0.10986518859863281,-0.03218817710876465
SPACE,0.10728788375854492,0.09734773635864258
U,0.10382699966430664,0.0037844181060791016
N,0.136871337890625,0.0018117427825927734
D,0.12242484092712402,0.0029473304748535156
SPACE,0.09322667121887207,0.011451244354248047
D,0.13869476318359375,-0.004960298538208008
H,0.10955071449279785,0.0015866756439208984
A,0.20241093635559082,-0.03276681900024414
E,0.15601706504821777,-0.1407182216644287
I,0.12501907348632812,0.12447571754455566
M,0.13837742805480957,0.4964027404785156
BACKSPACE,0.07646632194519043,0.07765889167785645
BACKSPACE,0.09198570251464844,0.059980154037475586
BACKSPACE,0.08173727989196777,0.0757148265838623
BACKSPACE,0.07862257957458496,0.07811117172241211
BACKSPACE,0.06244802474975586,0.28609776496887207
A,0.17774581909179688,0.009847879409790039
H,0.08400511741638184,0.04699373245239258
E,0.1529679298400879,-0.07761406898498535
I,0.2018585205078125,-0.09258198738098145
M,0.21706819534301758,-0.0787954330444336
SPACE,0.17165613174438477,0.4651360511779785
H,0.09459638595581055,0.6504087448120117
Ö,0.10452747344970703,0.1551809310913086
R,0.2845785617828369,-0.061101675033569336
E,0.18439841270446777,-0.07453536987304688
N,0.18515801429748535,-0.07708024978637695
SPACE,0.1396327018737793,-0.0036923885345458984
W,0.18872761726379395,-0.07546854019165039
I,0.15421271324157715,-0.016077041625976562
R,0.13811206817626953,0.07776975631713867
SPACE,0.10888934135437012,0.42679452896118164
B,0.10277104377746582,-0.014630317687988281
E,0.13711190223693848,0.04825091361999512
G,0.09096741676330566,-0.016138792037963867
E,0.12302422523498535,0.002351999282836914
I,0.12384676933288574,0.01574993133544922
S,0.1878976821899414,0.06049156188964844
T,0.09054398536682129,0.21769142150878906
E,0.21783971786499023,-0.10487747192382812
R,0.15125012397766113,0.10837745666503906
R,0.0623929500579834,-0.032506704330444336
T,0.06135249137878418,-0.014045238494873047
SPACE,0.11809706687927246,0.03625130653381348
D,0.11023664474487305,0.015874862670898438
I,0.03807330131530762,0.20731663703918457
BACKSPACE,0.11012601852416992,0.06255745887756348
BACKSPACE,0.09104275703430176,0.062348365783691406
BACKSPACE,0.09102416038513184,0.062448740005493164
BACKSPACE,0.14042305946350098,0.07818460464477539
BACKSPACE,0.07737445831298828,0.4468817710876465
R,0.07601571083068848,0.23270034790039062
BACKSPACE,0.09348797798156738,0.02538609504699707
T,0.09953880310058594,0.015847444534301758
SPACE,0.12351250648498535,0.3104722499847412
D,0.11832714080810547,-0.006411314010620117
I,0.150315523147583,-0.030730485916137695
E,0.10183525085449219,-0.010436296463012695
SPACE,0.1259598731994629,0.0019059181213378906
SHIFT,0.3824915885925293,-0.15981173515319824
E,0.1281900405883789,0.1885392665863037
R,0.10900759696960449,0.21679162979125977
U,0.09370183944702148,0.33791613578796387
BACKSPACE,0.09634208679199219,0.01118326187133789
Z,0.10901474952697754,0.448657751083374
Ä,0.09378337860107422,0.14031004905700684
H,0.07819890975952148,0.04704165458679199
L,0.09320378303527832,0.12265825271606445
U,0.13329815864562988,0.007981538772583008
N,0.1248016357421875,-0.03167319297790527
G,0.1857461929321289,-0.07464838027954102
E,0.1514892578125,-0.04604911804199219
N,0.18483233451843262,-0.07708191871643066
SPACE,0.15262675285339355,1.2786707878112793
Ü,0.14000511169433594,0.07840728759765625
B,0.1415700912475586,-0.06366443634033203
E,0.1417226791381836,-0.04811215400695801
R,0.12287497520446777,-0.01477956771850586
SPACE,0.11242103576660156,0.027485370635986328
D,0.12585783004760742,-0.01473855972290039
I,0.1087806224822998,0.014762163162231445
E,0.12415432929992676,-0.04816937446594238
SPACE,0.1083993911743164,0.6015915870666504
A,0.16977548599243164,0.00785517692565918
U,0.07411909103393555,0.20461654663085938
F,0.12282109260559082,0.405681848526001
R,0.13749980926513672,-0.029193878173828125
E,0.12351274490356445,0.030559539794921875
G,0.08291220664978027,0.011722803115844727
E,0.1545867919921875,-0.008331537246704102
N,0.11635136604309082,-0.014938831329345703
D,0.16851258277893066,-0.05991554260253906
E,0.16905689239501953,0.9432744979858398
N,0.10888099670410156,0.07800698280334473
SPACE,0.15522360801696777,0.24691367149353027
SHIFT,0.2796337604522705,-0.13850712776184082
E,0.12234926223754883,0.12426924705505371
R,0.13241100311279297,0.03931879997253418
L,0.11823582649230957,-0.0020656585693359375
E,0.13069677352905273,-0.01424098014831543
B,0.07867097854614258,0.12320446968078613
N,0.06078505516052246,0.06209087371826172
I,0.12481904029846191,0.015624523162841797
S,0.09172487258911133,0.10758209228515625
S,0.15254807472229004,0.031121492385864258
E,0.20129752159118652,-0.06772041320800781
SPACE,0.12344121932983398,0.19361448287963867
D,0.15527892112731934,-0.06584382057189941
E,0.25302815437316895,-0.12408304214477539
R,0.169081449508667,-0.030911922454833984
SPACE,0.1249086856842041,0.030224323272705078
SHIFT,0.29318881034851074,-0.1843550205230713
J,0.09275650978088379,0.08635640144348145
U,0.005242109298706055,0.15265440940856934
N,0.12416958808898926,-0.015497446060180664
G,0.1545252799987793,-0.06245899200439453
E,0.18643760681152344,-0.09239077568054199
N,0.09392523765563965,0.33870863914489746
.,0.0945577621459961,
