SHIFT,0.20244240760803223,-0.0628969669342041
D,0.0628969669342041,0.07713747024536133
A,0.17016029357910156,-0.07831001281738281
S,0.1400299072265625,-0.07833528518676758
SPACE,0.10873246192932129,0.37408876419067383
SHIFT,0.17089247703552246,-0.030605792999267578
M,0.030605792999267578,0.06546807289123535
A,0.1688826084136963,-0.01675868034362793
G,0.11050724983215332,-0.03222060203552246
I,0.10889434814453125,0.04375720024108887
S,0.1888737678527832,-0.0630030632019043
C,0.14085125923156738,-0.09668517112731934
H,0.11299014091491699,0.04523038864135742
E,0.09290575981140137,-0.015306949615478516
SPACE,0.10817599296569824,0.4085869789123535
D,0.1565539836883545,-0.015376567840576172
E,0.18665313720703125,-0.06130623817443848
R,0.13933062553405762,-0.015142440795898438
SPACE,0.09348583221435547,-0.014623403549194336
SHIFT,0.1876685619354248,-0.07736349105834961
W,0.07736349105834961,0.06238150596618652
I,0.07617855072021484,0.12581610679626465
N,0.09257817268371582,-0.05496406555175781
T,0.13200855255126953,0.02640700340270996
E,0.17509222030639648,-0.0926508903503418
R,0.14068198204040527,0.046616554260253906
Z,0.09328532218933105,-0.04609346389770508
E,0.1413888931274414,0.01598954200744629
I,0.09445047378540039,-0.016026973724365234
T,0.11082315444946289,0.03025031089782715
SPACE,0.06692361831665039,0.12095069885253906
I,0.08630108833312988,-0.02609395980834961
S,0.14121246337890625,-0.016124486923217773
T,0.12592673301696777,0.011505842208862305
SPACE,0.09390449523925781,0.11043930053710938
D,0.10254573822021484,0.005494356155395508
I,0.10778212547302246,-0.01594400405883789
E,0.11027407646179199,0.41941213607788086
SPACE,0.09495878219604492,0.039438724517822266
F,0.11763644218444824,0.07825231552124023
R,0.14055943489074707,-0.0462346076965332
E,0.20418953895568848,0.09336376190185547
I,0.10634016990661621,0.08130860328674316
D,0.1092996597290039,0.43978166580200195
BACKSPACE,0.08547067642211914,0.10260558128356934
BACKSPACE,0.05538821220397949,0.08462929725646973
BACKSPACE,0.07746601104736328,0.19870400428771973
I,0.11584639549255371,-0.06100201606750488
E,0.15511846542358398,-0.015949249267578125
D,0.11064267158508301,0.5486268997192383
V,0.11000251770019531,0.0016582012176513672
O,0.07639646530151367,0.11011195182800293
L,0.07540726661682129,0.04935050010681152
L,0.09343576431274414,-0.03032827377319336
E,0.10893011093139648,0.09279894828796387
SPACE,0.07651114463806152,0.06277775764465332
SHIFT,0.15036296844482422,-0.055055856704711914
S,0.055055856704711914,0.16443562507629395
T,0.12507152557373047,-0.045758724212646484
I,0.07725858688354492,0.1248478889465332
L,0.045774221420288086,0.060814619064331055
L,0.07797980308532715,-0.014579057693481445
E,0.10716485977172852,0.016111135482788086
",",0.0924229621887207,0.11072444915771484
SPACE,0.07755351066589355,0.031558990478515625
D,0.12590503692626953,-0.015381336212158203
I,0.09429550170898438,-0.020692110061645508
E,0.12885451316833496,0.014745473861694336
SPACE,0.09282803535461426,0.04719996452331543
S,0.12608790397644043,-0.03127861022949219
I,0.0773782730102539,0.0457763671875
C,0.09320354461669922,-0.015164375305175781
H,0.0619051456451416,0.10781145095825195
SPACE,0.09181571006774902,0.10807204246520996
SPACE,0.08172225952148438,0.12123799324035645
M,0.0471649169921875,0.12212967872619629
I,0.09198141098022461,-0.03077840805053711
T,0.1079416275024414,0.0765995979309082
SPACE,0.09225583076477051,-0.0216062068939209
D,0.14689850807189941,-0.04621005058288574
E,0.18514680862426758,-0.0609130859375
R,0.12399697303771973,-0.07796430587768555
SPACE,0.10835766792297363,0.0321347713470459
SHIFT,0.16519379615783691,-0.07340216636657715
S,0.07340216636657715,0.0055353641510009766
C,0.13614964485168457,-0.0903317928314209
H,0.08934617042541504,0.10612750053405762
N,0.07206535339355469,-0.004231691360473633
E,0.1089775562286377,0.34082937240600586
E,0.14016342163085938,0.15442276000976562
D,0.10886168479919434,0.01468658447265625
E,0.18494248390197754,-0.03011631965637207
C,0.15250396728515625,-0.03731274604797363
K,0.09934782981872559,0.12386536598205566
SPACE,0.0627129077911377,0.4317898750305176
Ü,0.0791478157043457,0.20885181427001953
B,0.06822800636291504,-0.06642603874206543
E,0.08247900009155273,-0.04642629623413086
R,0.15069365501403809,-0.00213623046875
SPACE,0.08226823806762695,-0.01600956916809082
A,0.1400890350341797,0.06248140335083008
L,0.061960458755493164,0.09256815910339355
L,0.07707357406616211,0.031630516052246094
E,0.09194564819335938,0.47054553031921387
S,0.1064915657043457,0.04399251937866211
SPACE,0.09203195571899414,0.18733739852905273
L,0.09253787994384766,-0.04630279541015625
E,0.1657874584197998,-0.026062488555908203
G,0.10963582992553711,0.10758662223815918
T,0.10663795471191406,0.29498839378356934
.,0.0908510684967041,0.1396617889404297
SPACE,0.09120774269104004,-0.04620480537414551
SHIFT,0.1571025848388672,-0.06386590003967285
D,0.06386590003967285,0.06315350532531738
I,0.08772611618041992,-0.005367755889892578
E,0.09876132011413574,0.09438014030456543
SPACE,0.09020709991455078,0.5747039318084717
SHIFT,0.17051911354064941,-0.07620072364807129
N,0.07620072364807129,0.06269335746765137
A,0.14046049118041992,-0.016308069229125977
T,0.13928651809692383,-0.012689590454101562
U,0.08340620994567871,0.0065228939056396484
R,0.10968899726867676,0.061797142028808594
SPACE,0.0835108757019043,0.6415693759918213
B,0.11089515686035156,-0.033156394958496094
E,0.1233363151550293,0.01625370979309082
R,0.1644730567932129,-0.05051398277282715
E,0.13345980644226074,-0.07953310012817383
I,0.09392428398132324,0.02796149253845215
T,0.1266014575958252,0.014779806137084961
E,0.16929197311401367,-0.06108736991882324
T,0.10735559463500977,0.014624834060668945
SPACE,0.09148645401000977,0.1086418628692627
S,0.12346792221069336,-0.0332181453704834
I,0.09462523460388184,0.015213966369628906
C,0.12383055686950684,-0.0157010555267334
H,0.0941154956817627,0.3702712059020996
SPACE,0.09206628799438477,0.008634805679321289
R,0.16134858131408691,-0.07667827606201172
E,0.15452933311462402,0.26698827743530273
C,0.14083266258239746,-0.007441043853759766
H,0.08525705337524414,0.09277844429016113
T,0.10921716690063477,0.4688079357147217
Z,0.10364699363708496,-0.030155420303344727
E,0.12293362617492676,0.018826007843017578
I,0.09705781936645508,0.007563114166259766
T,0.10816359519958496,-0.014730453491210938
I,0.09190654754638672,0.05687141418457031
G,0.12573981285095215,0.006124734878540039
SPACE,0.10369443893432617,0.061727285385131836
A,0.07844042778015137,0.2907884120941162
BACKSPACE,0.10949301719665527,-0.015471696853637695
D,0.13746309280395508,-0.04502987861633301
A,0.10486984252929688,0.061727285385131836
R,0.1373300552368164,-0.047217607498168945
A,0.1411418914794922,-0.04578065872192383
U,0.10648155212402344,0.015349864959716797
F,0.1406092643737793,0.0293581485748291
SPACE,0.092559814453125,0.06222057342529297
V,0.14030838012695312,-0.0059201717376708984
O,0.11360812187194824,0.030015230178833008
R,0.1244039535522461,-0.015554428100585938
",",0.08954620361328125,0.09609842300415039
SPACE,0.10820984840393066,-0.00573277473449707
E,0.12976813316345215,0.03174233436584473
I,0.07634997367858887,0.089263916015625
N,0.07899284362792969,-0.028553009033203125
E,0.12319612503051758,-0.015114784240722656
N,0.09175705909729004,0.08084273338317871
SPACE,0.08662533760070801,0.5009462833404541
E,0.20061254501342773,-0.06249642372131348
R,0.1547253131866455,-0.015912771224975586
H,0.09374332427978516,0.13995695114135742
O,0.07703256607055664,0.09547042846679688
L,0.10646319389343262,0.3590376377105713
S,0.19905686378479004,-0.09247899055480957
A,0.13240528106689453,-0.023432493209838867
M,0.10733652114868164,0.015540361404418945
E,0.1256568431854248,-0.03194570541381836
N,0.07822465896606445,0.10762143135070801
SPACE,0.09183311462402344,0.04554176330566406
SHIFT,0.1868588924407959,-0.04640650749206543
S,0.04640650749206543,0.07703900337219238
C,0.157545804977417,-0.07221055030822754
H,0.08514642715454102,0.14054322242736816
L,0.10834860801696777,-0.031308889389038086
A,0.1689751148223877,-0.0554203987121582
F,0.15517711639404297,0.11750531196594238
SPACE,0.11144232749938965,0.2630274295806885
Z,0.06427383422851562,0.09357094764709473
U,0.07761955261230469,0.12284612655639648
SPACE,0.09399080276489258,0.03254246711730957
G,0.15496492385864258,-0.07856202125549316
E,0.1408524513244629,-0.07748794555664062
N,0.09262228012084961,0.11043286323547363
I,0.07683515548706055,0.01955246925354004
E,0.10286641120910645,0.29637646675109863
SS,0.07505989074707031,0.15438151359558105
E,0.12457537651062012,0.045696258544921875
N,0.06156015396118164,0.24733519554138184
.,0.09321260452270508,0.17159771919250488
SPACE,0.07256031036376953,0.08351254463195801
SHIFT,0.17034125328063965,-0.04659581184387207
I,0.04659581184387207,0.15656781196594238
G,0.18288373947143555,-0.04615974426269531
E,0.13995838165283203,-0.10947322845458984
L,0.0953524112701416,0.13930916786193848
SPACE,0.07660055160522461,0.1392660140991211
U,0.0764322280883789,0.10824847221374512
N,0.07658147811889648,-0.01447606086730957
D,0.09070014953613281,0.029459714889526367
SPACE,0.08324599266052246,-0.005553483963012695
SHIFT,0.20067667961120605,-0.06285643577575684
B,0.06285643577575684,0.5083103179931641
Ä,0.09821462631225586,0.22859764099121094
R,0.2184138298034668,-0.09437036514282227
E,0.1561262607574463,-0.01561594009399414
N,0.09233450889587402,0.10744357109069824
SPACE,0.09338903427124023,0.15454721450805664
F,0.13908791542053223,-0.015071630477905273
U,0.07917070388793945,0.199784517288208
T,0.09308409690856934,0.0921931266784668
T,0.09371089935302734,-0.0069468021392822266
E,0.20642542839050293,-0.09281802177429199
R,0.13875699043273926,-0.0759730339050293
N,0.09130048751831055,0.09009814262390137
SPACE,0.0775446891784668,0.01488637924194336
S,0.12231802940368652,0.0025484561920166016
I,0.10736227035522461,0.015527725219726562
C,0.07731795310974121,0.030552387237548828
H,0.07805061340332031,0.24762606620788574
SPACE,0.09189295768737793,0.1083376407623291
E,0.1393890380859375,0.0021202564239501953
I,0.09161710739135742,0.12403178215026855
N,0.09301233291625977,0.21683168411254883
E,0.10311627388000488,0.0979759693145752
SPACE,0.08025121688842773,0.14069819450378418
B,0.07380032539367676,-0.02795696258544922
E,0.1685013771057129,0.0026068687438964844
A,0.15181565284729004,-0.06784439086914062
C,0.11990189552307129,-0.035935163497924805
H,0.09485912322998047,0.07793951034545898
T,0.12176179885864258,0.0022416114807128906
L,0.1081078052520752,0.12482595443725586
I,0.09374094009399414,-0.03147125244140625
C,0.12305092811584473,0.01572394371032715
H,0.09271764755249023,-0.023322105407714844
E,0.11603713035583496,0.014792203903198242
SPACE,0.10715389251708984,0.014957904815673828
SHIFT,0.20190787315368652,-0.07674384117126465
S,0.07674384117126465,0.06257200241088867
P,0.09363937377929688,0.046703338623046875
E,0.1549696922302246,-0.04531741142272949
C,0.1397860050201416,0.12400364875793457
K,0.1078195571899414,0.4410989284515381
S,0.21278166770935059,-0.14397192001342773
C,0.16726207733154297,-0.0694587230682373
H,0.09385871887207031,0.1546039581298828
I,0.1246793270111084,0.0012290477752685547
C,0.16993165016174316,0.07837677001953125
H,0.07681822776794434,0.03094792366027832
T,0.12401556968688965,0.015217304229736328
SPACE,0.12144255638122559,0.5917766094207764
A,0.09526991844177246,-0.002025127410888672
N,0.07669496536254883,0.43178272247314453
",",0.07636475563049316,0.1085047721862793
SPACE,0.09380888938903809,-0.030289411544799805
SHIFT,0.141007661819458,-0.03268265724182129
E,0.03268265724182129,0.05979657173156738
I,0.09095525741577148,0.06412172317504883
C,0.11148929595947266,-0.002359628677368164
H,0.07666826248168945,0.2102217674255371
H,0.08493614196777344,0.3855118751525879
Ö,0.0909883975982666,0.1413278579711914
R,0.12136602401733398,0.2001795768737793
C,0.13933753967285156,0.002147674560546875
N,0.1079261302947998,0.6038434505462646
BACKSPACE,0.09416818618774414,0.06224393844604492
BACKSPACE,0.06283044815063477,0.23082995414733887
C,0.12436485290527344,0.2760143280029297
BACKSPACE,0.09283137321472168,0.170745849609375
N,0.0879209041595459,0.002829313278198242
C,0.11976027488708496,-0.011047124862670898
H,0.09071540832519531,-0.030263185501098633
E,0.12397193908691406,-0.021166324615478516
N,0.09821963310241699,0.1527392864227295
SPACE,0.10922741889953613,0.4852168560028076
U,0.08726382255554199,0.12234878540039062
SPACE,0.08012008666992188,-0.01617574691772461
D,0.09123444557189941,0.030428409576416016
SPACE,0.09334969520568848,-0.03062272071838379
A,0.13089203834533691,-0.0021080970764160156
N,0.10270047187805176,-0.01515054702758789
D,0.12452507019042969,-0.027248382568359375
E,0.16819310188293457,-0.04799985885620117
R,0.12363290786743164,-0.009817123413085938
SPACE,0.10252165794372559,0.01699209213256836
SHIFT,0.19949769973754883,-0.06120562553405762
N,0.06120562553405762,0.50980544090271
BACKSPACE,0.7464380264282227,0.43161821365356445
BACKSPACE,0.10835027694702148,0.5605449676513672
N,0.1033926010131836,0.004021406173706055
D,0.1411895751953125,0.014693260192871094
SPACE,0.11097192764282227,0.16981053352355957
A,0.12630534172058105,-0.015576601028442383
N,0.09304046630859375,-0.010637998580932617
D,0.14901328086853027,-0.029663562774658203
E,0.15520882606506348,-0.031174421310424805
R,0.1550917625427246,-0.030049562454223633
E,0.1565380096435547,0.3091447353363037
SPACE,0.10381460189819336,0.00455021858215332
SHIFT,0.17180871963500977,-0.015525102615356445
N,0.015525102615356445,0.09281539916992188
A,0.1134500503540039,0.05706644058227539
G,0.1461784839630127,0.0431365966796875
E,0.1920168399810791,-0.08466219902038574
R,0.1555166244506836,-0.03113722801208496
SPACE,0.12462615966796875,0.14028191566467285
B,0.07651114463806152,-0.016480684280395508
E,0.1705629825592041,0.02937030792236328
T,0.09427213668823242,0.09229207038879395
R,0.1672828197479248,-0.05936598777770996
E,0.1691422462463379,-0.10430192947387695
I,0.1077876091003418,0.1697704792022705
E,0.12350916862487793,-0.09270286560058594
B,0.09427237510681152,0.9603376388549805
BACKSPACE,0.09274721145629883,0.04587697982788086
BACKSPACE,0.08254194259643555,0.18168425559997559
B,0.09224057197570801,-0.010666847229003906
E,0.11820507049560547,0.015489339828491211
N,0.09153270721435547,0.10919904708862305
SPACE,0.10559368133544922,1.0872993469238281
SHIFT,0.2194957733154297,-0.07605361938476562
L,0.07605361938476562,0.0782022476196289
A,0.13974714279174805,0.10897541046142578
G,0.13997125625610352,0.014933586120605469
E,0.23311662673950195,-0.12278580665588379
R,0.16991257667541504,0.2968788146972656
H,0.09338974952697754,-0.0311887264251709
A,0.10470843315124512,0.08074545860290527
L,0.11072564125061035,0.013323545455932617
T,0.1228020191192627,0.03095555305480957
U,0.061434268951416016,0.12512731552124023
N,0.07732558250427246,0.011083364486694336
G,0.11011123657226562,0.29660677909851074
.,0.12244796752929688,0.12410593032836914
SPACE,0.09323740005493164,0.017897844314575195
SHIFT,0.2922632694244385,-0.09257817268371582
L,0.09257817268371582,0.09062075614929199
A,0.10053229331970215,0.009301424026489258
U,0.07703757286071777,0.12455964088439941
B,0.09312677383422852,0.1572718620300293
B,0.08268189430236816,0.3184959888458252
Ä,0.09247970581054688,0.19958090782165527
U,0.060007333755493164,0.10901999473571777
M,0.10902881622314453,-0.015761613845825195
E,0.10882353782653809,0.013865470886230469
SPACE,0.09455084800720215,0.21753549575805664
U,0.07981181144714355,0.14981389045715332
N,0.06643819808959961,0.002398252487182617
D,0.08417892456054688,0.0087127685546875
SPACE,0.0989077091217041,0.1412220001220703
H,0.07504439353942871,0.12194371223449707
I,0.09453582763671875,-0.0711512565612793
E,0.18007206916809082,-0.09375596046447754
R,0.13984155654907227,-0.016396760940551758
SPACE,0.10867857933044434,0.01574397087097168
D,0.13987374305725098,-0.030517578125
I,0.07683753967285156,-0.009081125259399414
E,0.11499404907226562,0.03287196159362793
SPACE,0.0808110237121582,0.011679410934448242
SHIFT,0.23138141632080078,-0.07870221138000488
O,0.07870221138000488,0.1861252784729004
B,0.0805215835571289,-0.003618478775024414
S,0.15768790245056152,-0.016297101974487305
T,0.12381315231323242,0.2510569095611572
B,0.10783815383911133,0.45249009132385254
Ä,0.11362504959106445,0.1750507354736328
U,0.07969808578491211,0.12630176544189453
M,0.10534954071044922,-0.0036563873291015625
E,0.11635375022888184,-0.0023086071014404297
SPACE,0.12347555160522461,0.47737622261047363
I,0.10814666748046875,0.12327408790588379
M,0.0933980941772461,0.06725406646728516
SPACE,0.11829805374145508,-0.03170132637023926
SHIFT,0.1854264736175537,-0.030130386352539062
B,0.030130386352539062,0.045178890228271484
E,0.10778927803039551,0.09272551536560059
S,0.12402987480163574,-0.046697378158569336
O,0.07640361785888672,0.1863842010498047
N,0.10835075378417969,0.0015964508056640625
D,0.1831064224243164,-0.048638343811035156
E,0.1876850128173828,-0.03092646598815918
R,0.16875839233398438,-0.061389923095703125
E,0.15306901931762695,-0.03070974349975586
N,0.09393548965454102,0.15304803848266602
SPACE,0.09455490112304688,0.4830949306488037
Z,0.0789802074432373,-0.0020711421966552734
E,0.12694573402404785,0.01630401611328125
I,0.09708404541015625,0.012273073196411133
G,0.14940261840820312,-0.057376861572265625
E,0.1280684471130371,-0.002954721450805664
N,0.07631492614746094,0.12427043914794922
SPACE,0.10851502418518066,2.7083096504211426
U,0.10722136497497559,0.11056637763977051
N,0.09257340431213379,-0.0029125213623046875
S,0.10881710052490234,0.003419160842895508
SPACE,0.09447765350341797,0.030904531478881836
E,0.10895824432373047,0.0018253326416015625
I,0.09209108352661133,0.09406399726867676
N,0.0938727855682373,-0.04701495170593262
E,0.09404492378234863,0.03113245964050293
SPACE,0.12435603141784668,-0.015655994415283203
SHIFT,0.2357158660888672,-0.05051445960998535
A,0.05051445960998535,0.3747520446777344
BACKSPACE,0.08861613273620605,0.09799742698669434
A,0.1399693489074707,0.015448570251464844
N,0.10880088806152344,-0.014477252960205078
D,0.13965320587158203,-0.04771542549133301
E,0.1582176685333252,-0.015946388244628906
R,0.1722414493560791,-0.04674530029296875
E,0.12488603591918945,0.0592191219329834
SPACE,0.10260939598083496,-0.03667616844177246
SHIFT,0.20348858833312988,-0.06758403778076172
A,0.06758403778076172,0.14129137992858887
R,0.17176604270935059,0.07745957374572754
T,0.1185152530670166,0.03620648384094238
SPACE,0.10924267768859863,0.07680344581604004
D,0.13839197158813477,-0.04619312286376953
E,0.1873929500579834,-0.0670166015625
R,0.14409303665161133,-0.031249284744262695
SPACE,0.12468957901000977,-0.005063533782958984
SHIFT,0.30175089836120605,-0.1256420612335205
B,0.11055827140808105,0.17157578468322754
O,0.10721874237060547,-0.014705896377563477
R,0.15497040748596191,0.06207847595214844
B,0.061899662017822266,0.4065284729003906
BACKSPACE,0.09339451789855957,0.0946502685546875
BACKSPACE,0.06260061264038086,0.09409427642822266
BACKSPACE,0.07828497886657715,0.5639686584472656
BACKSPACE,0.10947442054748535,0.34343719482421875
SHIFT,0.21633100509643555,-0.0765223503112793
V,0.0765223503112793,0.04659605026245117
O,0.11008715629577637,0.06220698356628418
R,0.12394499778747559,0.2024221420288086
B,0.1109006404876709,0.0469210147857666
E,0.19975662231445312,-0.045342206954956055
R,0.17320847511291504,0.03141951560974121
E,0.12691426277160645,0.13852906227111816
I,0.14110636711120605,0.07776188850402832
T,0.12507033348083496,0.031075000762939453
U,0.07853865623474121,0.10887837409973145
N,0.0931100845336914,0.016388654708862305
G,0.09090709686279297,0.03841233253479004
SPACE,0.1035616397857666,0.6226370334625244
A,0.12345218658447266,0.01500701904296875
U,0.09250736236572266,0.016328096389770508
F,0.10718536376953125,0.014194488525390625
SPACE,0.09514355659484863,0.030911684036254883
E,0.11902809143066406,0.0031702518463134766
I,0.09220123291015625,0.10867857933044434
N,0.09125995635986328,0.03101658821105957
E,0.12659883499145508,-0.07798027992248535
N,0.0928640365600586,0.07912039756774902
SPACE,0.09280252456665039,-0.06053876876831055
G,0.12288904190063477,0.06994938850402832
U,0.08267474174499512,-0.014106273651123047
T,0.12316107749938965,-0.06237483024597168
E,0.13915324211120605,-0.031844139099121094
N,0.07707834243774414,0.09379982948303223
SPACE,0.10467934608459473,-0.04605889320373535
SHIFT,0.1855790615081787,-0.06006050109863281
S,0.06006050109863281,0.015567779541015625
C,0.12383079528808594,-0.07779550552368164
H,0.08049249649047852,0.1499500274658203
L,0.10898900032043457,0.19998717308044434
A,0.13791704177856445,0.2968740463256836
F,0.12493753433227539,0.18551373481750488
SHIFT,0.2631244659423828,-0.12944746017456055
:,0.0982203483581543,0.11070513725280762
SPACE,0.10708856582641602,-0.030475378036499023
SHIFT,0.20170903205871582,-0.0465397834777832
D,0.0465397834777832,0.06181955337524414
A,0.21642827987670898,-0.12366080284118652
S,0.17017841339111328,-0.03248882293701172
SPACE,0.12615633010864258,0.030365467071533203
SHIFT,0.30942869186401367,-0.09241318702697754
T,0.09241318702697754,0.047960758209228516
A,0.12259912490844727,-0.014335155487060547
G,0.09118127822875977,0.048005104064941406
W,0.18778109550476074,-0.09185576438903809
E,0.15183544158935547,0.06206083297729492
R,0.13951373100280762,-0.003676176071166992
K,0.08150315284729004,0.11281776428222656
SPACE,0.10720300674438477,0.027672767639160156
W,0.11990904808044434,-0.004362344741821289
I,0.1055748462677002,-0.01584458351135254
R,0.08512568473815918,0.1154172420501709
D,0.10735678672790527,-0.046851396560668945
SPACE,0.10866093635559082,0.015617847442626953
A,0.12591123580932617,-0.0017995834350585938
B,0.08510613441467285,0.14765191078186035
G,0.1078803539276123,-0.015308618545532227
E,0.12216711044311523,0.06155562400817871
S,0.1865220069885254,-0.09278726577758789
C,0.1407604217529297,-0.06280899047851562
L,0.10938143730163574,0.09226608276367188
O,0.07002830505371094,0.006515979766845703
S,0.07858753204345703,0.06075239181518555
S,0.10896611213684082,0.0929257869720459
E,0.10817980766296387,-0.0157320499420166
N,0.09152770042419434,0.10850214958190918
SPACE,0.09150958061218262,0.1703348159790039
U,0.07803654670715332,0.11009621620178223
N,0.07617974281311035,-0.015355348587036133
D,0.09188508987426758,0.03095555305480957
SPACE,0.07507944107055664,0.017292499542236328
A,0.11534953117370605,0.02426886558532715
L,0.06910538673400879,0.08408784866333008
L,0.07728242874145508,-0.027437210083007812
E,0.1050255298614502,0.0927267074584961
S,0.10941696166992188,-0.06728625297546387
SPACE,0.11347627639770508,0.06283330917358398
SHIFT,0.1549241542816162,-0.07462787628173828
B,0.07462787628173828,0.04574322700500488
E,0.14008474349975586,0.030994892120361328
L,0.10639429092407227,0.016178131103515625
A,0.1836557388305664,-0.06074380874633789
S,0.16845369338989258,0.12260317802429199
T,0.10719919204711914,-0.014049053192138672
E,0.1547999382019043,-0.031813621520996094
N,0.11049890518188477,0.34032678604125977
D,0.16682863235473633,-0.061011552810668945
E,0.15301275253295898,0.0026390552520751953
SPACE,0.1247255802154541,0.18284940719604492
A,0.12752914428710938,-0.013860940933227539
B,0.09198808670043945,0.06236696243286133
G,0.1687161922454834,-0.06810355186462402
E,0.16283702850341797,0.07770729064941406
E,0.1242976188659668,0.23602962493896484
BACKSPACE,0.1352863311767578,0.8372611999511719
L,0.12542939186096191,-0.03154134750366211
E,0.17029285430908203,0.0076372623443603516
G,0.11699557304382324,0.10842442512512207
T,0.09167027473449707,0.0629279613494873
.,0.12534642219543457,0.16860175132751465
SPACE,0.09349346160888672,0.5284411907196045
SHIFT,0.23290061950683594,-0.042844533920288086
S,0.042844533920288086,0.04650282859802246
I,0.10837793350219727,0.1114645004272461
N,0.09118199348449707,-0.030815601348876953
D,0.09302663803100586,0.0386509895324707
SPACE,0.0993642807006836,0.031061172485351562
D,0.11096954345703125,0.014720916748046875
I,0.0783684253692627,-0.01451873779296875
E,0.1069183349609375,0.04614686965942383
SPACE,0.07688212394714355,-0.0013322830200195312
SHIFT,0.20254898071289062,-0.06193137168884277
F,0.06193137168884277,0.16844987869262695
R,0.12389850616455078,-0.015183687210083008
Ü,0.09307050704956055,0.07740592956542969
C,0.10985064506530762,-0.006446361541748047
H,0.08465909957885742,0.04632687568664551
T,0.12406730651855469,-0.046509742736816406
E,0.13953542709350586,-0.047460079193115234
SPACE,0.12302064895629883,0.7172813415527344
G,0.10247611999511719,-0.030184030532836914
E,0.12184453010559082,-0.0583796501159668
R,0.18319225311279297,-0.03060626983642578
E,0.16907668113708496,-0.09234333038330078
I,0.10807490348815918,0.07781434059143066
G,0.14008784294128418,0.12468886375427246
T,0.15910053253173828,0.15050840377807617
SPACE,0.12362313270568848,0.13932180404663086
U,0.06807279586791992,0.11854338645935059
N,0.0760200023651123,-0.039591073989868164
D,0.10131072998046875,0.06075763702392578
SPACE,0.09366154670715332,-0.0314793586730957
D,0.14377999305725098,-0.05009579658508301
A,0.15485000610351562,-0.07800602912902832
M,0.09375572204589844,0.10985374450683594
I,0.0915679931640625,-0.004353046417236328
T,0.11191534996032715,0.2629525661468506
SPACE,0.10787606239318848,0.4352118968963623
D,0.10636138916015625,-0.007333517074584961
I,0.08574771881103516,-0.015798568725585938
E,0.10744023323059082,0.04910707473754883
SPACE,0.09169173240661621,0.0921626091003418
N,0.09405088424682617,-0.04656791687011719
A,0.16295719146728516,-0.054756879806518555
C,0.15670251846313477,-0.04699420928955078
H,0.10902738571166992,0.3392927646636963
F,0.15514516830444336,0.01594066619873047
O,0.0786588191986084,0.12193083763122559
L,0.0925743579864502,0.23012399673461914
G,0.1847670078277588,-0.0313868522644043
E,0.1543271541595459,0.030558109283447266
N,0.08620524406433105,0.021192312240600586
D,0.12394142150878906,-0.07768821716308594
E,0.13997101783752441,-0.04697537422180176
SPACE,0.12464690208435059,0.03087019920349121
SHIFT,0.21822047233581543,-0.061411380767822266
G,0.061411380767822266,0.10818004608154297
E,0.13895726203918457,-0.015086889266967773
N,0.08649015426635742,0.02157735824584961
E,0.21406197547912598,-0.09180927276611328
R,0.1548779010772705,-0.01665520668029785
A,0.20342612266540527,-0.031044960021972656
T,0.14026689529418945,0.012206315994262695
I,0.11835670471191406,0.14636850357055664
O,0.07546281814575195,0.15900111198425293
N,0.07500815391540527,0.0022125244140625
E,0.12383222579956055,-0.03137469291687012
N,0.07838869094848633,0.10879182815551758
SPACE,0.10792684555053711,0.016891002655029297
G,0.17330718040466309,-0.09639358520507812
E,0.14202070236206055,0.0763998031616211
S,0.15643024444580078,-0.06277847290039062
I,0.10743927955627441,0.09429574012756348
C,0.13747954368591309,-0.060967206954956055
H,0.0766150951385498,-0.014455318450927734
E,0.20087194442749023,-0.062204837799072266
R,0.17085766792297363,0.18449878692626953
T,0.15340280532836914,0.26351428031921387
SPACE,0.10858154296875,0.17088675498962402
U,0.09203672409057617,0.30799412727355957
BACKSPACE,0.0911092758178711,0.14066553115844727
",",0.08528923988342285,0.13012099266052246
SPACE,0.09142684936523438,0.03205299377441406
T,0.15347576141357422,0.10803771018981934
R,0.18528151512145996,-0.0777440071105957
E,0.17283868789672852,0.3583564758300781
N,0.13762998580932617,0.4208829402923584
N,0.1058964729309082,0.11087584495544434
T,0.12180447578430176,-0.015314102172851562
SPACE,0.09227132797241211,0.0626218318939209
S,0.10854339599609375,-0.03024435043334961
I,0.10631275177001953,0.1560060977935791
C,0.11730766296386719,-0.024907827377319336
H,0.10777807235717773,0.15169143676757812
SPACE,0.08012676239013672,-0.0767979621887207
D,0.15594196319580078,0.8387000560760498
E,0.1708824634552002,-0.07652997970581055
R,0.13191533088684082,-0.008054018020629883
SPACE,0.10853362083435059,0.0018584728240966797
SHIFT,0.1706392765045166,-0.04624533653259277
B,0.04624533653259277,0.07746767997741699
A,0.1086280345916748,-0.014893293380737305
U,0.0930025577545166,0.10742998123168945
M,0.0779414176940918,0.0936124324798584
SPACE,0.10971641540527344,0.06176614761352539
V,0.1385047435760498,0.40276646614074707
O,0.08110284805297852,0.13066697120666504
M,0.07529401779174805,0.09209895133972168
SPACE,0.06690049171447754,0.02608323097229004
SHIFT,0.18424296379089355,-0.05987954139709473
L,0.05987954139709473,0.07901287078857422
A,0.0908670425415039,0.0017333030700683594
I,0.09232521057128906,0.13570308685302734
B,0.0816497802734375,0.18515944480895996
",",0.0843207836151123,0.14814496040344238
SPACE,0.09127593040466309,0.015763521194458008
W,0.12048482894897461,0.016691207885742188
I,0.10883212089538574,0.030877113342285156
E,0.10985422134399414,0.0896155834197998
SPACE,0.09263086318969727,0.07882571220397949
D,0.14109420776367188,-0.04712486267089844
E,0.23403668403625488,-0.07808947563171387
R,0.14073586463928223,-0.03135967254638672
SPACE,0.10710334777832031,0.016016721725463867
SHIFT,0.15606260299682617,-0.060430288314819336
M,0.060430288314819336,0.03393912315368652
E,0.14913296699523926,0.0031938552856445312
N,0.10678791999816895,-0.006590366363525391
S,0.17650127410888672,-0.08178997039794922
C,0.14459848403930664,-0.09380245208740234
H,0.08841204643249512,0.1141519546508789
SPACE,0.09344863891601562,0.1101226806640625
V,0.1555461883544922,-0.030031681060791016
O,0.07668638229370117,0.13906145095825195
N,0.06282997131347656,0.12405133247375488
SPACE,0.09226608276367188,-0.015643596649169922
S,0.09478020668029785,0.07933211326599121
E,0.11963558197021484,-0.09073448181152344
I,0.08851885795593262,0.11132550239562988
N,0.07762670516967773,-0.029935598373413086
E,0.1038665771484375,0.0017821788787841797
M,0.09338712692260742,0.10680723190307617
SPACE,0.07607412338256836,0.003104686737060547
SHIFT,0.21337151527404785,-0.06107974052429199
N,0.06107974052429199,0.7956292629241943
BACKSPACE,0.09105396270751953,-0.030309677124023438
SHIFT,0.16953635215759277,-0.04612016677856445
A,0.04612016677856445,0.06366896629333496
N,0.09259319305419922,0.1408097743988037
Z,0.06038236618041992,0.1097712516784668
U,0.07522225379943848,0.0028281211853027344
G,0.10900092124938965,1.1561830043792725
.,0.09321188926696777,0.15407443046569824
SPACE,0.0877830982208252,0.006984710693359375
SHIFT,0.23144006729125977,-0.07708430290222168
W,0.07708430290222168,0.031139135360717773
I,0.09245038032531738,0.12503957748413086
N,0.09565186500549316,-0.033774614334106445
T,0.12467217445373535,-0.0026006698608398438
E,0.23487281799316406,-0.09406089782714844
R,0.20186305046081543,0.2877616882324219
Z,0.09850001335144043,-0.014282941818237305
E,0.125166654586792,0.015783309936523438
I,0.13709163665771484,0.23042821884155273
T,0.10843014717102051,0.056931257247924805
SPACE,0.09353923797607422,0.20360374450683594
I,0.09393501281738281,0.014412403106689453
S,0.170759916305542,-0.029378414154052734
T,0.12325024604797363,-0.01489877700805664
SPACE,0.09255075454711914,0.04626035690307617
SHIFT,0.3873753547668457,-0.1849839687347412
Z,0.10966134071350098,0.41759657859802246
BACKSPACE,0.09197497367858887,-0.04596352577209473
SHIFT,0.20313382148742676,-0.06306576728820801
R,0.06306576728820801,0.10355186462402344
U,0.09423470497131348,0.17000842094421387
G,0.07657623291015625,0.40059804916381836
BACKSPACE,0.07405734062194824,0.19079208374023438
H,0.08275961875915527,-0.005358457565307617
E,0.12519335746765137,0.01502537727355957
Z,0.09275388717651367,0.016058921813964844
E,0.13834595680236816,-0.04625296592712402
I,0.10676717758178711,0.016417503356933594
T,0.12447667121887207,0.49832844734191895
.,0.10683083534240723,0.15499043464660645
SPACE,0.09309506416320801,0.046210289001464844
SHIFT,1.040358066558838,-0.8707754611968994
W,0.1072242259979248,0.3880598545074463
BACKSPACE,0.0946190357208252,0.15825796127319336
M,0.1062462329864502,0.06314706802368164
E,0.1379990577697754,-0.03003525733947754
I,0.09336543083190918,0.09209394454956055
N,0.09475994110107422,-0.02906036376953125
E,0.11005043983459473,0.009721040725708008
SPACE,0.10969877243041992,0.09370136260986328
SHIFT,0.2010347843170166,-0.07752752304077148
F,0.07752752304077148,0.1224527359008789
R,0.1077718734741211,-0.04584908485412598
A,0.15425324440002441,-0.05993151664733887
U,0.07780623435974121,0.10696554183959961
SPACE,0.09315013885498047,0.13964080810546875
U,0.07865643501281738,0.11795377731323242
N,0.0817263126373291,0.10861802101135254
SPACE,0.11024188995361328,0.43540024757385254
BACKSPACE,0.0929255485534668,0.06174516677856445
D,0.09142947196960449,0.061255455017089844
SPACE,0.09254693984985352,0.11141204833984375
I,0.09426641464233398,0.026653289794921875
C,0.10795903205871582,-0.015715837478637695
H,0.07850265502929688,0.1070103645324707
SPACE,0.07665491104125977,0.12382149696350098
L,0.10734152793884277,0.10845136642456055
I,0.12103533744812012,0.048753976821899414
E,0.1083686351776123,0.03151535987854004
B,0.0743105411529541,0.002463817596435547
E,0.1263594627380371,-0.01609969139099121
N,0.07798385620117188,0.09230470657348633
SPACE,0.08034729957580566,0.013797283172607422
D,0.15781021118164062,-0.04734039306640625
E,0.09270977973937988,0.03254532814025879
I,0.10718631744384766,0.12304520606994629
SPACE,0.10716438293457031,0.2813844680786133
S,0.21042084693908691,-0.09418249130249023
C,0.1493673324584961,-0.08781623840332031
H,0.09398746490478516,0.09375953674316406
N,0.09294462203979492,-0.03762412071228027
E,0.11676192283630371,0.09127044677734375
E,0.1084141731262207,0.0625145435333252
R,0.15459227561950684,-0.06204104423522949
E,0.13903355598449707,-0.062119483947753906
I,0.12392020225524902,0.045807600021362305
C,0.10852551460266113,-0.02974224090576172
E,0.15318012237548828,-0.10724759101867676
H,0.07672262191772461,0.12234926223754883
N,0.10117959976196289,0.549081563949585
BACKSPACE,0.07854318618774414,0.09560203552246094
BACKSPACE,0.07601475715637207,0.09480118751525879
BACKSPACE,0.08048391342163086,0.5383479595184326
H,0.09180641174316406,-0.008229732513427734
E,0.13338303565979004,-0.02974557876586914
N,0.0860288143157959,0.09737920761108398
SHIFT,0.2593257427215576,-0.25761938095092773
SPACE,0.08758234977722168,0.08005237579345703
W,0.08998465538024902,0.04374814033508301
I,0.09088325500488281,0.11763954162597656
N,0.10077762603759766,-0.029825925827026367
T,0.12286639213562012,0.015882015228271484
E,0.21540594100952148,-0.10784554481506348
R,0.15475773811340332,-0.0615842342376709
SPACE,0.09131145477294922,0.21642756462097168
I,0.1080479621887207,0.10908126831054688
N,0.07694673538208008,0.10806870460510254
SPACE,0.1082763671875,-0.031423330307006836
D,0.16509580612182617,-0.08563613891601562
E,0.15483784675598145,-0.0316469669342041
N,0.061068058013916016,0.10802626609802246
SPACE,0.09219980239868164,-0.031713247299194336
SHIFT,0.15597867965698242,-0.012877702713012695
B,0.012877702713012695,0.0486903190612793
E,0.12398624420166016,-0.06305217742919922
R,0.18407917022705078,-0.02003622055053711
G,0.11445832252502441,-0.028429031372070312
E,0.15137934684753418,0.04640460014343262
N,0.10679316520690918,0.5869889259338379
.,0.10953402519226074,0.11847519874572754
SPACE,0.11474132537841797,0.0022258758544921875
SHIFT,0.29129624366760254,-0.10650205612182617
S,0.10650205612182617,0.13614773750305176
E,0.15873932838439941,-0.04718923568725586
I,0.09301567077636719,0.030483484268188477
T,0.11067342758178711,0.029350757598876953
SPACE,0.09247827529907227,0.16991710662841797
V,0.13062191009521484,-0.0062389373779296875
I,0.09160971641540527,0.016611337661743164
E,0.12403702735900879,-0.015639305114746094
L,0.0942986011505127,0.0032095909118652344
E,0.13792991638183594,0.0017962455749511719
N,0.0898892879486084,0.07712817192077637
SPACE,0.0951085090637207,-0.006131410598754883
SHIFT,0.20815134048461914,-0.07748723030090332
J,0.07748723030090332,0.09238314628601074
A,0.15331792831420898,0.3899497985839844
H,0.11706972122192383,0.00557255744934082
R,0.1569385528564453,-0.09490370750427246
E,0.1560065746307373,-0.0302581787109375
N,0.10820746421813965,0.12683367729187012
SPACE,0.07737469673156738,0.12284731864929199
R,0.16926097869873047,-0.1139211654663086
E,0.17618703842163086,0.12130188941955566
S,0.12741327285766602,0.5923411846160889
BACKSPACE,0.10783004760742188,0.13983798027038574
I,0.11031103134155273,-0.015946626663208008
S,0.12413620948791504,0.09269118309020996
E,0.1242072582244873,-0.04603242874145508
N,0.07718014717102051,0.12150859832763672
SPACE,0.09311795234680176,0.04724311828613281
W,0.1232755184173584,-0.008191823959350586
I,0.08621048927307129,0.015275239944458008
R,0.12318682670593262,0.0029671192169189453
SPACE,0.12214875221252441,0.15346956253051758
Z,0.07700395584106445,0.2168290615081787
U,0.09373903274536133,0.13868188858032227
M,0.07892608642578125,0.10698318481445312
SPACE,0.07559323310852051,-0.0290677547454834
SHIFT,0.23116731643676758,-0.04647636413574219
J,0.04647636413574219,0.08807206153869629
A,0.17627763748168945,0.1236720085144043
H,0.09239554405212402,0.06004190444946289
R,0.17030048370361328,-0.09568023681640625
E,0.18939828872680664,0.16849994659423828
S,0.12403488159179688,0.11110424995422363
W,0.1974496841430664,-0.10701179504394531
E,0.15287470817565918,0.07610535621643066
H,0.10639667510986328,-0.045166015625
C,0.1371936798095703,0.2971210479736328
S,0.12297987937927246,0.07674479484558105
E,0.10902857780456543,-0.04761695861816406
L,0.09409594535827637,0.13778400421142578
SPACE,0.09303450584411621,0.04668092727661133
F,0.1557002067565918,0.02578425407409668
Ü,0.11193156242370605,0.33849358558654785
R,0.12429213523864746,0.061896562576293945
SPACE,0.09314656257629395,0.4869403839111328
5,0.07758235931396484,0.1545403003692627
SPACE,0.0950934886932373,0.012109518051147461
SHIFT,0.21458888053894043,-0.08519148826599121
W,0.08519148826599121,0.008009672164916992
O,0.1239016056060791,0.014309883117675781
C,0.12298345565795898,0.016288042068481445
H,0.0834355354309082,0.0271761417388916
E,0.09317708015441895,-0.017500877380371094
N,0.0842902660369873,0.08391833305358887
SPACE,0.09355998039245605,0.12352371215820312
I,0.09224820137023926,0.0934598445892334
N,0.06803584098815918,0.10308647155761719
SPACE,0.0763545036315918,0.01700448989868164
E,0.13732099533081055,-0.01485896110534668
I,0.07715964317321777,0.09406685829162598
N,0.0758659839630127,0.09329748153686523
SPACE,0.0931861400604248,0.10948848724365234
K,0.0777750015258789,0.07697582244873047
L,0.09440445899963379,-0.016037940979003906
E,0.1080331802368164,0.013719797134399414
I,0.07708096504211426,0.10877084732055664
N,0.07754182815551758,-0.016193628311157227
E,0.17152762413024902,0.04706454277038574
S,0.1380612850189209,0.6027829647064209
SPACE,0.12968063354492188,-0.005461931228637695
SHIFT,0.6500051021575928,-0.10626411437988281
B,0.0762641429901123,1.9259071350097656
BACKSPACE,0.10077071189880371,0.001993894577026367
SHIFT,0.2664060592651367,-0.09548163414001465
D,0.09548163414001465,0.7040755748748779
O,0.10729765892028809,-0.030284881591796875
R,0.14026355743408203,0.23249149322509766
F,0.13983821868896484,0.06077933311462402
SPACE,0.1258833408355713,0.3151359558105469
I,0.1422560214996338,0.15445232391357422
N,0.10795044898986816,0.11337542533874512
SPACE,0.13450169563293457,-0.007003307342529297
D,0.2580299377441406,0.2202010154724121
BACKSPACE,0.07814383506774902,0.09466075897216797
BACKSPACE,0.0769648551940918,0.171295166015625
BACKSPACE,0.0939018726348877,0.23510980606079102
M,0.09260773658752441,0.14043426513671875
SPACE,0.0940852165222168,-0.045584917068481445
SHIFT,0.20181655883789062,-0.03080129623413086
B,0.03080129623413086,0.06593871116638184
A,0.10629653930664062,0.15726184844970703
Y,0.13918209075927734,0.194199800491333
R,0.1479179859161377,-0.03134918212890625
I,0.12538862228393555,-0.015532970428466797
S,0.15670275688171387,-0.06321001052856445
C,0.1248016357421875,-0.05126142501831055
H,0.09861969947814941,0.0016264915466308594
E,0.09378385543823242,0.01546478271484375
N,0.10960555076599121,0.0771782398223877
SPACE,0.12437081336975098,-0.046453237533569336
SHIFT,0.16439437866210938,-0.07093286514282227
W,0.07093286514282227,0.08489370346069336
A,0.1547560691833496,-0.0459284782409668
L,0.09288740158081055,0.03177189826965332
D,0.09908866882324219,-0.004698514938354492
",",0.10731363296508789,0.09442663192749023
SPACE,0.092987060546875,0.12458229064941406
N,0.07640719413757324,-0.028754472732543945
A,0.17133355140686035,-0.06386518478393555
C,0.16374778747558594,-0.08537173271179199
H,0.0929112434387207,0.12507104873657227
SPACE,0.08638715744018555,-0.004534721374511719
SHIFT,0.19811153411865234,-0.07729458808898926
B,0.07729458808898926,0.10830187797546387
U,0.09279727935791016,-0.0014820098876953125
C,0.1269998550415039,-0.017005205154418945
H,0.0949714183807373,-0.01483774185180664
E,0.10155057907104492,0.006462574005126953
N,0.10124564170837402,0.290294885635376
A,0.12453675270080566,0.03151655197143555
U,0.07602286338806152,0.6263120174407959
.,0.07822394371032715,0.12551355361938477
SPACE,0.09111833572387695,-0.04737234115600586
SHIFT,0.21958231925964355,-0.07745218276977539
D,0.07745218276977539,0.07721304893493652
I,0.09218883514404297,0.0027713775634765625
E,0.1077122688293457,0.04697895050048828
SPACE,0.0778956413269043,0.04768538475036621
S,0.14106988906860352,-0.031435251235961914
O,0.07988691329956055,0.0935056209564209
L,0.09292721748352051,0.10919427871704102
I,0.08150196075439453,0.008350133895874023
D,0.15294528007507324,0.10936975479125977
G,0.18440008163452148,-0.07690238952636719
E,0.13900327682495117,-0.016104698181152344
SPACE,0.09438705444335938,0.18574142456054688
SHIFT,0.21655797958374023,0.20084333419799805
BACKSPACE,0.08185338973999023,0.10949254035949707
BACKSPACE,0.060109615325927734,0.09245991706848145
BACKSPACE,0.07982087135314941,0.0301516056060791
E,0.10739326477050781,0.07549905776977539
SPACE,0.0931704044342041,-0.02980184555053711
SHIFT,0.23205828666687012,-0.03057551383972168
G,0.03057551383972168,0.07653093338012695
A,0.15453028678894043,-0.09383726119995117
S,0.1528775691986084,0.03232431411743164
T,0.13850998878479004,-0.010604143142700195
I,0.08178329467773438,0.616966724395752
BACKSPACE,0.07694458961486816,0.15411901473999023
L,0.09261631965637207,0.09398674964904785
I,0.09262394905090332,0.03162431716918945
C,0.12237930297851562,-0.032158851623535156
H,0.09379196166992188,0.10757303237915039
K,0.09229755401611328,-0.0014278888702392578
E,0.1540379524230957,-0.014150142669677734
I,0.07087421417236328,0.021683454513549805
T,0.09148144721984863,0.06268811225891113
SPACE,0.1068570613861084,1.599717140197754
U,0.07841205596923828,0.12380695343017578
N,0.08213233947753906,0.002949953079223633
D,0.08340597152709961,0.015439987182617188
SPACE,0.07898235321044922,0.015879392623901367
D,0.1271378993988037,-0.00555109977722168
I,0.08304834365844727,0.037958621978759766
E,0.11002397537231445,0.009063243865966797
SPACE,0.09440946578979492,0.12461209297180176
N,0.06236124038696289,0.04657769203186035
A,0.10687422752380371,0.15594482421875
T,0.1251239776611328,-0.03196573257446289
Ü,0.08592820167541504,0.023990631103515625
R,0.12336277961730957,0.015805959701538086
L,0.11047863960266113,0.15478062629699707
I,0.09412789344787598,0.015468597412109375
C,0.1030738353729248,0.021129608154296875
H,0.07894372940063477,-0.002458333969116211
E,0.11099433898925781,0.014925479888916016
SPACE,0.09305524826049805,-0.015192985534667969
SHIFT,0.1708235740661621,-0.09226036071777344
S,0.09226036071777344,0.09315061569213867
T,0.15705060958862305,-0.07828497886657715
I,0.09397625923156738,0.10234713554382324
L,0.08470821380615234,0.04462838172912598
L,0.0777595043182373,-0.014665842056274414
E,0.10763740539550781,0.0464634895324707
SPACE,0.06449770927429199,0.14006733894348145
I,0.07749795913696289,0.1256093978881836
N,0.0787663459777832,0.08310246467590332
SPACE,0.093597412109375,-0.02220773696899414
D,0.1558990478515625,-0.06683635711669922
E,0.19085431098937988,-0.06109309196472168
R,0.15479803085327148,-0.10934162139892578
SPACE,0.09297776222229004,0.03200054168701172
SHIFT,0.10793232917785645,-0.0298616886138916
N,0.0298616886138916,0.06282925605773926
A,0.17273306846618652,-0.06203031539916992
C,0.12463641166687012,-0.04789924621582031
H,0.09285426139831543,0.08015727996826172
T,0.10850095748901367,-0.046350717544555664
SPACE,0.10952281951904297,0.07671666145324707
S,0.15725493431091309,-0.06290578842163086
I,0.09429669380187988,0.10833549499511719
N,0.09413933753967285,0.018094301223754883
D,0.10642886161804199,0.04747271537780762
SPACE,0.09284162521362305,0.014949560165405273
E,0.11685848236083984,0.02568364143371582
I,0.09355306625366211,0.015780925750732422
G,0.15419721603393555,-0.07603573799133301
E,0.1399695873260498,-0.06129813194274902
N,0.09313440322875977,0.06188488006591797
T,0.1381511688232422,-0.014060020446777344
L,0.07663393020629883,0.14095306396484375
I,0.09367179870605469,0.015897274017333984
C,0.10588264465332031,0.0042362213134765625
H,0.07953119277954102,0.1081697940826416
SPACE,0.07840943336486816,0.12009358406066895
U,0.08443117141723633,0.09243893623352051
N,0.0916755199432373,0.09731864929199219
B,0.07710552215576172,-0.033066749572753906
E,0.1266648769378662,0.01591348648071289
Z,0.07785511016845703,-0.03062891960144043
A,0.13913869857788086,-0.03380727767944336
H,0.09614300727844238,0.1230936050415039
L,0.11020421981811523,0.14044880867004395
B,0.06295371055603027,-0.026925086975097656
A,0.1661086082458496,-0.076995849609375
R,0.13813018798828125,0.2659122943878174
.,0.10737442970275879,0.15646052360534668
SPACE,0.09325051307678223,0.2969508171081543
SHIFT,0.38153958320617676,-0.08291435241699219
F,0.08291435241699219,0.18067145347595215
Ü,0.09424734115600586,-0.0069429874420166016
R,0.11733150482177734,0.06186366081237793
SPACE,0.10934209823608398,0.16961312294006348
SHIFT,0.2761824131011963,-0.06079745292663574
A,0.06079745292663574,0.03295183181762695
S,0.17199206352233887,0.4782235622406006
BACKSPACE,0.09363770484924316,-0.014686346054077148
SHIFT,0.6495230197906494,-0.2930257320404053
BACKSPACE,0.07670927047729492,0.10384345054626465
S,0.1124730110168457,0.047522783279418945
P,0.13772010803222656,0.09488153457641602
A,0.15314817428588867,0.2619602680206299
Z,0.07705545425415039,0.11063361167907715
I,0.10757875442504883,-0.07734251022338867
E,0.1835315227508545,-0.09076356887817383
R,0.12043261528015137,0.1262965202331543
G,0.10598206520080566,-0.015434503555297852
Ä,0.09216666221618652,0.18402647972106934
N,0.09212017059326172,-0.006522178649902344
G,0.1786966323852539,-0.10132932662963867
E,0.14693212509155273,-0.02947521209716797
SPACE,0.10103845596313477,0.545839786529541
I,0.10194826126098633,0.12899518013000488
N,0.07759809494018555,0.09375834465026855
SPACE,0.08685588836669922,-0.0397799015045166
D,0.14032959938049316,-0.03052377700805664
E,0.16086268424987793,-0.0524754524230957
R,0.13955116271972656,-0.08963513374328613
SPACE,0.10421013832092285,0.03972911834716797
W,0.17737746238708496,-0.09382295608520508
E,0.14325761795043945,-0.08155512809753418
I,0.09347295761108398,0.10837745666503906
B,0.07828569412231445,0.13279223442077637
L,0.09982776641845703,0.1240394115447998
I,0.0927438735961914,0.015614748001098633
S,0.16900014877319336,-0.10877299308776855
C,0.15636396408081055,-0.03079700469970703
H,0.09389567375183105,-0.01603221893310547
E,0.11115097999572754,-0.010524511337280273
N,0.08798885345458984,0.10760974884033203
SPACE,0.0941629409790039,0.5300326347351074
SHIFT,0.2642710208892822,-0.08916449546813965
L,0.08916449546813965,0.07147645950317383
A,0.11498451232910156,0.01573801040649414
N,0.1089475154876709,-0.0296018123626709
D,0.13904166221618652,0.014173030853271484
S,0.2014026641845703,-0.06170821189880371
C,0.1247560977935791,-0.07876968383789062
H,0.11021208763122559,-0.0163271427154541
A,0.171647310256958,-0.046636343002319336
F,0.15506649017333984,0.09150409698486328
T,0.10902905464172363,0.014688968658447266
SPACE,0.09287214279174805,0.16773533821105957
W,0.22046947479248047,-0.11010336875915527
E,0.1567981243133545,0.06415867805480957
R,0.12106800079345703,0.0473172664642334
D,0.17058253288269043,-0.0933542251586914
E,0.15498638153076172,-0.0594484806060791
N,0.07493877410888672,0.07691121101379395
SPACE,0.10761451721191406,0.11054778099060059
J,0.09281659126281738,-0.04641866683959961
E,0.1252603530883789,0.014190196990966797
D,0.16852736473083496,-0.06122732162475586
E,0.15567517280578613,-0.046384572982788086
N,0.07747411727905273,0.09167742729187012
SPACE,0.07689309120178223,-0.06166434288024902
SHIFT,0.18508195877075195,-0.029163837432861328
M,0.029163837432861328,0.15760183334350586
O,0.09249687194824219,-0.015905141830444336
R,0.13814783096313477,0.09561300277709961
G,0.14721441268920898,-0.07009625434875488
E,0.1412341594696045,-0.07842659950256348
N,0.07025408744812012,0.10135149955749512
SPACE,0.08146858215332031,0.011844396591186523
D,0.12277603149414062,0.016082286834716797
I,0.07671475410461426,-0.004810333251953125
E,0.09849143028259277,0.04779338836669922
SPACE,0.10697412490844727,0.10927295684814453
SHIFT,0.24000072479248047,-0.11770153045654297
L,0.09245014190673828,0.38761472702026367
O,0.08175158500671387,0.10372424125671387
I,0.07836580276489258,0.1389007568359375
P,0.09368085861206055,0.031129837036132812
E,0.1239476203918457,0.061510562896728516
N,0.07399582862854004,0.1420438289642334
SPACE,0.09256815910339355,0.2778170108795166
E,0.12469911575317383,-0.06249523162841797
I,0.1102132797241211,0.13789677619934082
N,0.09381723403930664,-0.04651832580566406
G,0.1400892734527588,-0.07697153091430664
E,0.13398432731628418,0.051560163497924805
F,0.15587306022644043,-0.04553556442260742
A,0.1840066909790039,-0.030427932739257812
H,0.08157515525817871,0.04153585433959961
R,0.1590442657470703,-0.08429098129272461
E,0.1737360954284668,0.07897496223449707
N,0.10789966583251953,0.4647367000579834
.,0.07004761695861816,0.19523286819458008
SPACE,0.07182931900024414,0.17435598373413086
SHIFT,0.3307497501373291,-0.07601594924926758
W,0.07601594924926758,0.14163613319396973
I,0.12511706352233887,0.02912282943725586
R,0.13762855529785156,0.030529499053955078
SPACE,0.10816502571105957,0.1800086498260498
F,0.12973260879516602,0.10784578323364258
Ü,0.09525084495544434,0.18673110008239746
H,0.12099790573120117,0.6541321277618408
Ö,0.09493541717529297,0.30840039253234863
BACKSPACE,0.11045527458190918,0.15537643432617188
L,0.1358349323272705,0.016801834106445312
E,0.12336564064025879,0.07722067832946777
N,0.07596755027770996,0.1245574951171875
SPACE,0.1085050106048584,0.21805882453918457
U,0.10871171951293945,0.11856555938720703
N,0.11399722099304199,0.002222776412963867
S,0.13571929931640625,0.046679019927978516
SPACE,0.09257221221923828,0.046830177307128906
D,0.11736559867858887,0.022250890731811523
O,0.10867118835449219,0.0008673667907714844
R,0.1387348175048828,0.07873249053955078
T,0.09248208999633789,-0.0026702880859375
SPACE,0.08047795295715332,0.06142616271972656
W,0.13375067710876465,0.007396697998046875
O,0.09363937377929688,0.10812807083129883
H,0.10798406600952148,0.06141304969787598
L,0.08201909065246582,0.14996051788330078
.,0.09223818778991699,0.15555953979492188
SPACE,0.09260439872741699,0.15247440338134766
SHIFT,0.3867075443267822,-0.10259890556335449
U,0.08937835693359375,0.11453652381896973
N,0.10288381576538086,-0.016373395919799805
S,0.12158489227294922,0.10988140106201172
E,0.10728573799133301,-0.04157304763793945
R,0.18197131156921387,-0.04709982872009277
E,0.14012885093688965,-0.03118276596069336
SPACE,0.09347891807556152,0.02371501922607422
SHIFT,0.19000482559204102,-0.0754704475402832
K,0.0754704475402832,0.12489581108093262
I,0.08448076248168945,0.1170351505279541
N,0.10733675956726074,-0.029839277267456055
D,0.13688182830810547,-0.046482086181640625
E,0.17037439346313477,-0.062342166900634766
R,0.13881158828735352,-0.10915875434875488
SPACE,0.07870745658874512,0.16214489936828613
U,0.08565235137939453,0.09166908264160156
N,0.07838630676269531,-0.01581859588623047
D,0.10923242568969727,0.015523195266723633
SPACE,0.09038281440734863,-0.03083658218383789
SHIFT,0.1556546688079834,-0.046041250228881836
E,0.046041250228881836,0.14198756217956543
N,0.07778167724609375,0.11047959327697754
K,0.08954048156738281,-0.015848398208618164
E,0.10904335975646973,0.02971482276916504
L,0.09299325942993164,0.2613990306854248
SPACE,0.07668495178222656,0.5112075805664062
W,0.2171943187713623,0.053971290588378906
O,0.0990304946899414,0.1099245548248291
L,0.06298375129699707,0.06937408447265625
L,0.10372209548950195,-0.0028531551361083984
E,0.13937783241271973,0.0168612003326416
N,0.06039714813232422,0.09284114837646484
SPACE,0.09245586395263672,0.14117860794067383
L,0.07749199867248535,-0.0023331642150878906
E,0.13150715827941895,0.04640793800354004
U,0.06162285804748535,0.0015692710876464844
C,0.12196040153503418,0.014658451080322266
H,0.06556463241577148,0.06191658973693848
T,0.15458250045776367,-0.03127455711364746
E,0.15436315536499023,0.016155004501342773
N,0.10185742378234863,0.0036802291870117188
D,0.17087721824645996,-0.08393287658691406
E,0.14638447761535645,-0.01581430435180664
SPACE,0.09471964836120605,0.0756230354309082
SHIFT,0.2617034912109375,-0.13721966743469238
W,0.13721966743469238,0.03232312202453613
E,0.16832256317138672,-0.04575657844543457
I,0.13781285285949707,0.18822765350341797
H,0.07913327217102051,0.12082958221435547
N,0.0840611457824707,0.00953221321105957
A,0.188201904296875,-0.04692721366882324
C,0.12926769256591797,-0.005681514739990234
H,0.07948040962219238,0.12477898597717285
T,0.09639835357666016,0.10358643531799316
S,0.13193964958190918,0.11646699905395508
M,0.07800817489624023,0.17059040069580078
Ä,0.10929417610168457,0.04629850387573242
R,0.12270545959472656,0.030195951461791992
K,0.10376620292663574,0.0072596073150634766
T,0.1368122100830078,-0.06181526184082031
E,0.1381239891052246,0.031739234924316406
SPACE,0.1369626522064209,0.41802072525024414
BACKSPACE,0.09225010871887207,0.15691709518432617
",",0.11012697219848633,0.12148499488830566
SPACE,0.07873845100402832,-0.03218579292297363
S,0.12618780136108398,0.04644775390625
T,0.15662646293640137,-0.06295537948608398
E,0.15635108947753906,-0.12406468391418457
I,0.10864591598510742,0.08318138122558594
L,0.10162115097045898,-0.04573345184326172
E,0.10831809043884277,0.04531598091125488
SPACE,0.09278702735900879,-0.062462806701660156
SHIFT,0.21674847602844238,-0.07596826553344727
A,0.07596826553344727,0.0162661075592041
B,0.07587122917175293,0.11049556732177734
F,0.1698448657989502,-0.04810500144958496
A,0.20319318771362305,-0.10903477668762207
H,0.07338404655456543,0.051752567291259766
R,0.18487191200256348,0.07880163192749023
T,0.1862778663635254,-0.07762646675109863
E,0.1712942123413086,-0.04761385917663574
N,0.0807492733001709,0.10490083694458008
SPACE,0.09005999565124512,0.15524673461914062
U,0.07159900665283203,0.10972285270690918
N,0.08669567108154297,-0.006811618804931641
D,0.10692667961120605,-0.007421731948852539
SPACE,0.0938880443572998,0.13106560707092285
F,0.12306571006774902,0.07746434211730957
R,0.14891409873962402,0.0026390552520751953
Ü,0.09498190879821777,0.9324626922607422
BACKSPACE,0.061281681060791016,0.2221968173980713
Ö,0.0754549503326416,0.2842741012573242
H,0.09272432327270508,0.07840275764465332
L,0.11968564987182617,0.09900641441345215
C,0.12338566780090332,-0.07868766784667969
I,0.10843420028686523,0.1606738567352295
H,0.10078978538513184,0.016953706741333008
E,0.14022564888000488,0.15577459335327148
SPACE,0.09284710884094238,0.3852367401123047
BACKSPACE,0.09295439720153809,0.09158921241760254
BACKSPACE,0.07796072959899902,0.07961583137512207
BACKSPACE,0.10655379295349121,0.29442310333251953
BACKSPACE,0.09127688407897949,0.20361614227294922
H,0.08899617195129395,-0.02896261215209961
E,0.1225287914276123,0.03099226951599121
SPACE,0.0944371223449707,-0.014276981353759766
SHIFT,0.21375751495361328,-0.07741355895996094
F,0.07741355895996094,0.062415122985839844
E,0.13998985290527344,-0.031868934631347656
I,0.10880732536315918,0.030623435974121094
E,0.17141270637512207,-0.09366512298583984
R,0.17098450660705566,-0.01260995864868164
E,0.14342117309570312,0.16488409042358398
N,0.12277746200561523,0.1698780059814453
SPACE,0.12288808822631836,0.8381471633911133
A,0.10878205299377441,-0.031215906143188477
M,0.09345698356628418,0.10620427131652832
SPACE,0.10749435424804688,-0.03589200973510742
SHIFT,0.17595124244689941,-0.06050562858581543
A,0.06050562858581543,0.09211564064025879
B,0.09346437454223633,0.017452001571655273
E,0.14144062995910645,-0.04079627990722656
N,0.10227441787719727,-0.015560150146484375
D,0.12484502792358398,0.07829642295837402
.,0.09391903877258301,0.13895702362060547
SPACE,0.0733637809753418,-0.02606344223022461
SHIFT,0.17001676559448242,-0.0620882511138916
S,0.0620882511138916,0.04686760902404785
I,0.09519767761230469,0.0276033878326416
E,0.1260974407196045,-0.03249955177307129
SPACE,0.10849261283874512,0.04595065116882324
F,0.15495705604553223,-0.04642009735107422
A,0.12078380584716797,-0.029733896255493164
H,0.09442353248596191,-0.032235145568847656
R,0.14966917037963867,-0.04135894775390625
E,0.12480902671813965,-0.07802081108093262
N,0.09327316284179688,0.09304237365722656
SPACE,0.10608863830566406,0.4858365058898926
I,0.12164545059204102,0.10747933387756348
N,0.07777571678161621,0.09130334854125977
SPACE,0.09343791007995605,-0.02867579460144043
D,0.15308022499084473,0.014861106872558594
I,0.06988406181335449,-0.039498329162597656
E,0.12331748008728027,0.046378135681152344
SPACE,0.09359240531921387,-0.03210139274597168
SHIFT,0.23102951049804688,-0.061078786849975586
U,0.061078786849975586,0.3570594787597656
R,0.14041757583618164,0.01301884651184082
L,0.1082773208618164,-0.03004002571105957
A,0.12622356414794922,0.06221294403076172
U,0.07809734344482422,0.12397909164428711
B,0.10740828514099121,-0.01583719253540039
S,0.13234996795654297,0.07114338874816895
O,0.10652470588684082,-0.02940845489501953
R,0.12157225608825684,0.09302401542663574
T,0.1734294891357422,-0.0627598762512207
E,0.1547539234161377,0.06064295768737793
",",0.09270954132080078,0.13602662086486816
SPACE,0.06287932395935059,-0.0038640499114990234
W,0.12590503692626953,0.01576375961303711
O,0.0926661491394043,0.17164087295532227
SPACE,0.09333276748657227,0.03180074691772461
D,0.1018979549407959,0.021180152893066406
I,0.09262537956237793,-0.03198504447937012
E,0.10935425758361816,0.02987194061279297
SPACE,0.10826325416564941,0.031033992767333984
SHIFT,0.20028066635131836,-0.04571819305419922
P,0.04571819305419922,0.10838198661804199
S,0.15600275993347168,0.3389596939086914
BACKSPACE,0.0941004753112793,0.15529108047485352
I,0.07672452926635742,-0.024266958236694336
S,0.11829280853271484,0.03164982795715332
T,0.1536390781402588,-0.046517372131347656
E,0.13907575607299805,-0.06051802635192871
N,0.0754094123840332,0.08498930931091309
SPACE,0.10194230079650879,0.10930418968200684
N,0.07853436470031738,0.14086484909057617
O,0.10815095901489258,-0.0157468318939209
T,0.09170317649841309,0.10933613777160645
F,0.13583993911743164,-0.04452943801879883
A,0.12140274047851562,-0.03022146224975586
L,0.07616615295410156,0.0667574405670166
L,0.10253167152404785,0.15558791160583496
S,0.10821151733398438,0.07428431510925293
SPACE,0.07946562767028809,0.12785029411315918
M,0.07826519012451172,0.12310218811035156
I,0.07933378219604492,0.0168607234954834
T,0.09244132041931152,0.04592156410217285
SPACE,0.10717916488647461,0.06298041343688965
SHIFT,0.21831965446472168,-0.10899209976196289
K,0.09406161308288574,0.0931999683380127
U,0.08027386665344238,0.10223889350891113
N,0.10087871551513672,-0.016968965530395508
S,0.15599656105041504,0.2015056610107422
T,0.12235212326049805,0.2803816795349121
S,0.15495920181274414,-0.07744240760803223
C,0.14695143699645996,-0.10134029388427734
H,0.07495307922363281,0.11232948303222656
N,0.07738924026489258,-0.01612067222595215
E,0.0632328987121582,0.08619999885559082
E,0.11086201667785645,0.3082892894744873
SPACE,0.10984206199645996,0.25273990631103516
G,0.10148978233337402,-0.04583120346069336
E,0.10630345344543457,0.06350135803222656
S,0.18808698654174805,-0.06251764297485352
I,0.09474849700927734,0.06883502006530762
C,0.13338518142700195,-0.032169342041015625
H,0.06957721710205078,-0.006898641586303711
E,0.21714353561401367,-0.09147286415100098
R,0.12247323989868164,0.0707850456237793
T,0.13135218620300293,0.01702404022216797
SPACE,0.10653877258300781,0.12294650077819824
W,0.20455384254455566,-0.10901045799255371
E,0.140425443649292,0.06281399726867676
R,0.15341830253601074,-0.03101825714111328
N,0.07909154891967773,0.39956235885620117
D,0.15337848663330078,-0.07747149467468262
E,0.15454840660095215,0.18228673934936523
BACKSPACE,0.08510613441467285,0.07221341133117676
BACKSPACE,0.10674619674682617,0.05798935890197754
BACKSPACE,0.11196494102478027,-0.011328697204589844
D,0.1656358242034912,-0.10668253898620605
E,0.13790655136108398,0.015690088272094727
N,0.061759233474731445,0.1091148853302002
SPACE,0.08398199081420898,0.1480550765991211
U,0.07633090019226074,0.10915970802307129
N,0.07867836952209473,-0.004439353942871094
D,0.09428930282592773,0.014284133911132812
SPACE,0.07689046859741211,0.14154720306396484
H,0.07791543006896973,0.015024662017822266
A,0.11994314193725586,-0.019891023635864258
B,0.09895157814025879,0.015219926834106445
E,0.10788512229919434,-0.04113650321960449
N,0.1019141674041748,0.0768284797668457
SPACE,0.07880902290344238,0.016288042068481445
D,0.13872623443603516,-0.01628279685974121
O,0.11034488677978516,0.030819177627563477
R,0.10783982276916504,0.07906007766723633
T,0.09420204162597656,-0.016667842864990234
SPACE,0.09279084205627441,0.0785679817199707
V,0.12559080123901367,0.0016853809356689453
I,0.08974552154541016,0.017122983932495117
E,0.12438416481018066,-0.04020333290100098
L,0.10048961639404297,0.10988903045654297
SPACE,0.07600164413452148,-0.03128790855407715
SHIFT,0.1562957763671875,-0.0802311897277832
S,0.0802311897277832,0.01882648468017578
P,0.09025430679321289,0.06238198280334473
A,0.10968899726867676,0.027748584747314453
SS,0.07659316062927246,0.7637746334075928
.,0.07747960090637207,0.13799285888671875
SPACE,0.0935664176940918,0.18441224098205566
SHIFT,0.47589826583862305,-0.12246179580688477
W,0.12246179580688477,0.03553509712219238
I,0.11924362182617188,0.002673625946044922
R,0.12262749671936035,0.031256914138793945
SPACE,0.1228024959564209,0.29584479331970215
H,0.09500336647033691,-0.03201127052307129
A,0.11006021499633789,0.030977487564086914
B,0.09283590316772461,-0.014354944229125977
E,0.1389319896697998,-0.030297040939331055
N,0.0787496566772461,0.07605600357055664
SPACE,0.09610629081726074,0.04422307014465332
A,0.1091763973236084,0.015755176544189453
L,0.06048178672790527,0.07690930366516113
L,0.108184814453125,0.0021114349365234375
E,0.12240386009216309,0.016532182693481445
I,0.09201216697692871,0.29702162742614746
BACKSPACE,0.09425926208496094,0.4023246765136719
SPACE,0.07729887962341309,0.03814959526062012
E,0.15098881721496582,-0.016477584838867188
I,0.07964968681335449,0.10500025749206543
N,0.07774543762207031,-0.015401601791381836
E,0.12333798408508301,-0.0156705379486084
N,0.07772350311279297,0.09260106086730957
SPACE,0.09278106689453125,-0.045647382736206055
S,0.14938688278198242,-0.07220768928527832
C,0.1399381160736084,-0.030908584594726562
H,0.07631683349609375,0.20775890350341797
P,0.05873727798461914,0.6515095233917236
BACKSPACE,0.10691094398498535,0.22602391242980957
Ö,0.1008918285369873,0.16891169548034668
N,0.10846138000488281,-0.014687299728393555
E,0.09352731704711914,0.013912677764892578
N,0.09368324279785156,0.09195470809936523
SPACE,0.09495925903320312,0.06852412223815918
SHIFT,0.2085578441619873,-0.09035778045654297
W,0.09035778045654297,0.051554203033447266
I,0.08711862564086914,0.12441039085388184
N,0.10645842552185059,-0.031231164932250977
T,0.10735845565795898,-0.014809846878051758
E,0.2148725986480713,-0.10527157783508301
R,0.1373136043548584,-0.046144723892211914
",",0.12375473976135254,0.09320425987243652
SPACE,0.09273791313171387,0.13646507263183594
U,0.08192610740661621,0.09279680252075195
N,0.09299254417419434,0.015197992324829102
D,0.08968997001647949,0.0025663375854492188
SPACE,0.10974383354187012,0.031141996383666992
D,0.12484979629516602,-0.06403136253356934
A,0.15580964088439941,0.06149649620056152
H,0.09417080879211426,0.014865398406982422
E,0.10981559753417969,0.0020918846130371094
I,0.07587504386901855,0.09151101112365723
M,0.09205484390258789,0.07720303535461426
SPACE,0.09267520904541016,0.10947346687316895
H,0.06268668174743652,0.19781160354614258
Ö,0.1092679500579834,-0.010384798049926758
R,0.16358542442321777,-0.09145426750183105
E,0.1292252540588379,0.008127927780151367
N,0.07813549041748047,0.12413287162780762
SPACE,0.08870363235473633,0.035324811935424805
W,0.12315201759338379,-0.0028586387634277344
I,0.09325504302978516,-0.028912782669067383
R,0.11087894439697266,0.02881336212158203
SPACE,0.08180022239685059,0.12136173248291016
B,0.07890486717224121,-0.03243398666381836
E,0.14098143577575684,0.04576373100280762
G,0.14327478408813477,-0.050161123275756836
E,0.12355279922485352,-0.031211137771606445
I,0.11016321182250977,0.014477729797363281
S,0.12456154823303223,0.045858144760131836
T,0.13842177391052246,-0.013362407684326172
E,0.38608503341674805,-0.055573463439941406
R,0.16433954238891602,0.07581663131713867
T,0.12325358390808105,0.029819011688232422
SPACE,0.10759925842285156,0.07890939712524414
D,0.10833907127380371,-0.016070842742919922
I,0.08680391311645508,-0.02416253089904785
E,0.12699651718139648,0.012845039367675781
SPACE,0.09333443641662598,0.015593528747558594
SHIFT,0.2026538848876953,-0.07738876342773438
E,0.07738876342773438,0.015869617462158203
R,0.1399083137512207,-0.031069278717041016
Z,0.06457662582397461,0.31025195121765137
Ä,0.10500264167785645,0.0621037483215332
H,0.13738059997558594,-0.026694774627685547
L,0.11873006820678711,0.13915753364562988
U,0.07740449905395508,0.12495183944702148
N,0.07707095146179199,-0.00360870361328125
G,0.1691572666168213,-0.07248616218566895
E,0.18694663047790527,-0.15526843070983887
N,0.09187173843383789,0.09177637100219727
SPACE,0.10870909690856934,0.2760436534881592
Ü,0.09423708915710449,0.2030031681060791
B,0.10702776908874512,-0.04533791542053223
E,0.15154623985290527,-0.09176087379455566
R,0.13838791847229004,-0.04396677017211914
SPACE,0.12078976631164551,0.015588998794555664
D,0.17321181297302246,0.015317440032958984
I,0.11633753776550293,0.05343914031982422
E,0.1095731258392334,0.06243109703063965
SPACE,0.1072390079498291,0.18640565872192383
A,0.14010262489318848,0.09201717376708984
U,0.09284782409667969,0.17034649848937988
F,0.10868406295776367,0.09856390953063965
R,0.16382575035095215,-0.08433032035827637
E,0.14693880081176758,-0.03162550926208496
G,0.07908844947814941,0.2938981056213379
E,0.12436056137084961,0.09307122230529785
N,0.1835639476776123,0.1402442455291748
D,0.15532875061035156,-0.07749629020690918
E,0.15601682662963867,0.014742136001586914
N,0.10791182518005371,0.0902259349822998
SPACE,0.10935711860656738,0.10707330703735352
SHIFT,0.18229341506958008,-0.0450441837310791
E,0.0450441837310791,0.01704573631286621
R,0.1699085235595703,-0.059856414794921875
L,0.09043669700622559,0.15911221504211426
B,0.0873863697052002,-0.03108382225036621
E,0.1551809310913086,0.23248887062072754
N,0.10633015632629395,0.10994911193847656
I,0.08979058265686035,-0.012068510055541992
S,0.09144830703735352,0.07816171646118164
S,0.07703161239624023,0.0931241512298584
E,0.1284923553466797,0.13611698150634766
SPACE,0.09166312217712402,0.10974979400634766
D,0.1235508918762207,-0.046227216720581055
E,0.17134332656860352,-0.06142449378967285
R,0.13925743103027344,-0.0618743896484375
SPACE,0.07576322555541992,0.060927391052246094
SHIFT,0.199937105178833,-0.1050271987915039
J,0.07874107360839844,0.08574938774108887
U,0.09940910339355469,0.10830402374267578
N,0.09377408027648926,0.18578410148620605
G,0.16941356658935547,-0.0915381908416748
E,0.15251588821411133,-0.030476808547973633
N,0.08453774452209473,0.42264318466186523
ALT_L,0.1679689884185791,-0.09116125106811523
TAB,0.12256836891174316,0.2934389114379883
ALT_L,0.12275457382202148,-0.07712006568908691
TAB,0.12600493431091309,
