KEY.SHIFT,1635515166.614757,True
'D',1635515166.7543025,True
'D',1635515166.8171995,False
KEY.SHIFT,1635515166.8171995,False
'A',1635515166.894337,True
'S',1635515166.9861872,True
KEY.SPACE,1635515167.0478818,True
'A',1635515167.0644972,False
'S',1635515167.1262171,False
KEY.SPACE,1635515167.1566143,False
KEY.SHIFT,1635515167.530703,True
'M',1635515167.6709898,True
'M',1635515167.7015955,False
KEY.SHIFT,1635515167.7015955,False
'A',1635515167.7670636,True
'G',1635515167.9191875,True
'A',1635515167.9359462,False
'I',1635515167.9974742,True
'G',1635515168.0296948,False
'I',1635515168.1063685,False
'S',1635515168.1501257,True
'C',1635515168.2759964,True
'H',1635515168.3201625,True
'S',1635515168.3389995,False
'C',1635515168.4168477,False
'H',1635515168.4331527,False
'E',1635515168.478383,True
KEY.SPACE,1635515168.5559819,True
'E',1635515168.5712888,False
KEY.SPACE,1635515168.6641579,False
'D',1635515169.0727448,True
'E',1635515169.2139223,True
'D',1635515169.2292988,False
'R',1635515169.3392692,True
'E',1635515169.4005754,False
KEY.SPACE,1635515169.4634573,True
'R',1635515169.4785998,False
KEY.SHIFT,1635515169.5423198,True
KEY.SPACE,1635515169.5569432,False
'W',1635515169.6526248,True
'W',1635515169.7299883,False
KEY.SHIFT,1635515169.7299883,False
'I',1635515169.7923698,True
'I',1635515169.8685484,False
'N',1635515169.9943645,True
'T',1635515170.0319786,True
'N',1635515170.0869427,False
'T',1635515170.1639872,False
'E',1635515170.1903942,True
'R',1635515170.2728355,True
'E',1635515170.3654864,False
'R',1635515170.4135175,False
'Z',1635515170.460134,True
'E',1635515170.507326,True
'Z',1635515170.5534194,False
'E',1635515170.6487148,False
'I',1635515170.6647043,True
'T',1635515170.7431278,True
'I',1635515170.7591548,False
'T',1635515170.853951,False
KEY.SPACE,1635515170.8842013,True
KEY.SPACE,1635515170.951125,False
'I',1635515171.0720756,True
'S',1635515171.1322827,True
'I',1635515171.1583767,False
'T',1635515171.2573707,True
'S',1635515171.2734952,False
'T',1635515171.3832974,False
KEY.SPACE,1635515171.3948033,True
KEY.SPACE,1635515171.4887078,False
'D',1635515171.599147,True
'D',1635515171.7016928,False
'I',1635515171.7071872,True
'E',1635515171.7990253,True
'I',1635515171.8149693,False
'E',1635515171.9092994,False
KEY.SPACE,1635515172.3287115,True
KEY.SPACE,1635515172.4236703,False
'F',1635515172.463109,True
'F',1635515172.5807455,False
'R',1635515172.6589978,True
'E',1635515172.7533226,True
'R',1635515172.7995572,False
'E',1635515172.9575121,False
'I',1635515173.050876,True
'I',1635515173.157216,False
'D',1635515173.2385247,True
'D',1635515173.3478243,False
KEY.BACKSPACE,1635515173.787606,True
KEY.BACKSPACE,1635515173.8730767,False
KEY.BACKSPACE,1635515173.9756823,True
KEY.BACKSPACE,1635515174.0310705,False
KEY.BACKSPACE,1635515174.1156998,True
KEY.BACKSPACE,1635515174.1931658,False
'I',1635515174.3918698,True
'E',1635515174.4467142,True
'I',1635515174.5077162,False
'D',1635515174.5858834,True
'E',1635515174.6018326,False
'D',1635515174.696526,False
'V',1635515175.245153,True
'V',1635515175.3551555,False
'O',1635515175.3568137,True
'O',1635515175.4332101,False
'L',1635515175.543322,True
'L',1635515175.6187294,False
'L',1635515175.6680799,True
'E',1635515175.7311873,True
'L',1635515175.7615156,False
'E',1635515175.8401175,False
KEY.SPACE,1635515175.9329164,True
KEY.SPACE,1635515176.0094275,False
KEY.SHIFT,1635515176.0722053,True
'S',1635515176.1675124,True
'S',1635515176.2225683,False
KEY.SHIFT,1635515176.2225683,False
'T',1635515176.387004,True
'I',1635515176.4663167,True
'T',1635515176.5120754,False
'I',1635515176.5435753,False
'L',1635515176.6684232,True
'L',1635515176.7141974,False
'L',1635515176.775012,True
'E',1635515176.8384128,True
'L',1635515176.8529918,False
'E',1635515176.9455776,False
"','",1635515176.9616888,True
"','",1635515177.0541117,False
KEY.SPACE,1635515177.1648362,True
KEY.SPACE,1635515177.2423897,False
'D',1635515177.2739487,True
'I',1635515177.3844724,True
'D',1635515177.3998537,False
'E',1635515177.4580758,True
'I',1635515177.4787679,False
'E',1635515177.5869303,False
KEY.SPACE,1635515177.6016757,True
KEY.SPACE,1635515177.6945038,False
'S',1635515177.7417037,True
'I',1635515177.836513,True
'S',1635515177.8677917,False
'I',1635515177.9138913,False
'C',1635515177.9596677,True
'H',1635515178.0377069,True
'C',1635515178.0528712,False
'H',1635515178.099612,False
KEY.SPACE,1635515178.2074234,True
KEY.SPACE,1635515178.2992392,False
KEY.SPACE,1635515178.4073112,True
KEY.SPACE,1635515178.4890335,False
'M',1635515178.6102715,True
'M',1635515178.6574364,False
'I',1635515178.779566,True
'T',1635515178.840769,True
'I',1635515178.8715475,False
'T',1635515178.9487107,False
KEY.SPACE,1635515179.0253103,True
'D',1635515179.09596,True
KEY.SPACE,1635515179.117566,False
'E',1635515179.1966484,True
'D',1635515179.2428584,False
'R',1635515179.320882,True
KEY.SPACE,1635515179.3669147,True
'E',1635515179.3817952,False
'R',1635515179.444879,False
KEY.SPACE,1635515179.4752724,False
KEY.SHIFT,1635515179.5074072,True
'S',1635515179.5991988,True
'S',1635515179.672601,False
KEY.SHIFT,1635515179.672601,False
'C',1635515179.6781363,True
'H',1635515179.7239542,True
'H',1635515179.8133004,False
'C',1635515179.814286,False
'N',1635515179.9194279,True
'E',1635515179.9872615,True
'N',1635515179.9914932,False
'E',1635515180.096239,False
'E',1635515180.4370685,True
'E',1635515180.577232,False
'D',1635515180.7316546,True
'D',1635515180.8405163,False
'E',1635515180.855203,True
'C',1635515181.010029,True
'E',1635515181.0401454,False
'K',1635515181.1252203,True
'C',1635515181.162533,False
'K',1635515181.2245681,False
KEY.SPACE,1635515181.3484335,True
KEY.SPACE,1635515181.4111464,False
'Ü',1635515181.8429363,True
'Ü',1635515181.922084,False
'B',1635515182.130936,True
'E',1635515182.1327379,True
'R',1635515182.1687906,True
'B',1635515182.199164,False
'E',1635515182.2152169,False
KEY.SPACE,1635515182.317348,True
'R',1635515182.3194842,False
'A',1635515182.3836067,True
KEY.SPACE,1635515182.3996162,False
'A',1635515182.5236957,False
'L',1635515182.586177,True
'L',1635515182.6481376,False
'L',1635515182.7407057,True
'L',1635515182.8177793,False
'E',1635515182.8494098,True
'E',1635515182.9413555,False
'S',1635515183.411901,True
'S',1635515183.5183926,False
KEY.SPACE,1635515183.562385,True
KEY.SPACE,1635515183.654417,False
'L',1635515183.8417544,True
'E',1635515183.8879895,True
'L',1635515183.9342923,False
'G',1635515184.0277145,True
'E',1635515184.053777,False
'G',1635515184.1373503,False
'T',1635515184.244937,True
'T',1635515184.351575,False
'.',1635515184.6465633,True
'.',1635515184.7374144,False
KEY.SPACE,1635515184.8770761,True
KEY.SHIFT,1635515184.922079,True
KEY.SPACE,1635515184.968284,False
'D',1635515185.0153158,True
'D',1635515185.0791817,False
KEY.SHIFT,1635515185.0791817,False
'I',1635515185.1423352,True
'E',1635515185.2246935,True
'I',1635515185.2300613,False
'E',1635515185.3234549,False
KEY.SPACE,1635515185.417835,True
KEY.SPACE,1635515185.508042,False
KEY.SHIFT,1635515186.082746,True
'N',1635515186.1770644,True
'N',1635515186.2532651,False
KEY.SHIFT,1635515186.2532651,False
'A',1635515186.3159585,True
'T',1635515186.440111,True
'A',1635515186.456419,False
'U',1635515186.5667078,True
'T',1635515186.5793974,False
'U',1635515186.650114,False
'R',1635515186.656637,True
'R',1635515186.766326,False
KEY.SPACE,1635515186.828123,True
KEY.SPACE,1635515186.911634,False
'B',1635515187.5532033,True
'E',1635515187.630942,True
'B',1635515187.6640985,False
'E',1635515187.7542784,False
'R',1635515187.7705321,True
'E',1635515187.8844912,True
'R',1635515187.9350052,False
'I',1635515187.938418,True
'E',1635515188.017951,False
'I',1635515188.0323422,False
'T',1635515188.0603037,True
'T',1635515188.1869051,False
'E',1635515188.201685,True
'T',1635515188.3098896,True
'E',1635515188.370977,False
'T',1635515188.4172451,False
KEY.SPACE,1635515188.43187,True
KEY.SPACE,1635515188.5233564,False
'S',1635515188.6319983,True
'I',1635515188.722248,True
'S',1635515188.7554662,False
'I',1635515188.8168733,False
'C',1635515188.8320873,True
'H',1635515188.9402168,True
'C',1635515188.9559178,False
'H',1635515189.0343323,False
KEY.SPACE,1635515189.4046035,True
KEY.SPACE,1635515189.4966698,False
'R',1635515189.5053046,True
'E',1635515189.5899749,True
'R',1635515189.6666532,False
'E',1635515189.7445042,False
'C',1635515190.0114925,True
'H',1635515190.144884,True
'C',1635515190.1523252,False
'H',1635515190.2301412,False
'T',1635515190.3229196,True
'T',1635515190.4321368,False
'Z',1635515190.9009447,True
'E',1635515190.9744363,True
'Z',1635515191.0045917,False
'E',1635515191.09737,False
'I',1635515191.116196,True
'I',1635515191.2132537,False
'T',1635515191.2208169,True
'I',1635515191.31425,True
'T',1635515191.3289804,False
'I',1635515191.4061565,False
'G',1635515191.463028,True
'G',1635515191.5887678,False
KEY.SPACE,1635515191.5948925,True
KEY.SPACE,1635515191.698587,False
'A',1635515191.7603142,True
'A',1635515191.8387547,False
KEY.BACKSPACE,1635515192.129543,True
'D',1635515192.2235644,True
KEY.BACKSPACE,1635515192.239036,False
'A',1635515192.3159976,True
'D',1635515192.3610275,False
'A',1635515192.4208674,False
'R',1635515192.4825947,True
'A',1635515192.5727072,True
'R',1635515192.6199248,False
'U',1635515192.6680684,True
'A',1635515192.713849,False
'U',1635515192.77455,False
'F',1635515192.7898998,True
'F',1635515192.930509,False
KEY.SPACE,1635515192.9598672,True
KEY.SPACE,1635515193.052427,False
'V',1635515193.1146476,True
'O',1635515193.2490358,True
'V',1635515193.254956,False
'O',1635515193.362644,False
'R',1635515193.3926592,True
"','",1635515193.5015087,True
'R',1635515193.5170631,False
"','",1635515193.591055,False
KEY.SPACE,1635515193.6871533,True
'E',1635515193.7896304,True
KEY.SPACE,1635515193.7953632,False
'E',1635515193.9193985,False
'I',1635515193.9511409,True
'I',1635515194.0274909,False
'N',1635515194.1167548,True
'E',1635515194.1671946,True
'N',1635515194.1957476,False
'N',1635515194.275276,True
'E',1635515194.2903907,False
'N',1635515194.367033,False
KEY.SPACE,1635515194.4478757,True
KEY.SPACE,1635515194.534501,False
'E',1635515195.0354474,True
'R',1635515195.1735635,True
'E',1635515195.23606,False
'H',1635515195.312376,True
'R',1635515195.3282888,False
'H',1635515195.4061193,False
'O',1635515195.5460763,True
'O',1635515195.6231089,False
'L',1635515195.7185793,True
'L',1635515195.8250425,False
'S',1635515196.1840801,True
'A',1635515196.290658,True
'S',1635515196.383137,False
'M',1635515196.3996308,True
'A',1635515196.4230633,False
'M',1635515196.5069673,False
'E',1635515196.5225077,True
'N',1635515196.6162188,True
'E',1635515196.6481645,False
'N',1635515196.6944435,False
KEY.SPACE,1635515196.802065,True
KEY.SPACE,1635515196.893898,False
KEY.SHIFT,1635515196.9394398,True
'S',1635515197.0798922,True
'S',1635515197.1262987,False
KEY.SHIFT,1635515197.1262987,False
'C',1635515197.2033377,True
'H',1635515197.288673,True
'C',1635515197.3608835,False
'H',1635515197.3738194,False
'L',1635515197.5143626,True
'A',1635515197.5914023,True
'L',1635515197.6227112,False
'F',1635515197.704957,True
'A',1635515197.7603774,False
'F',1635515197.8601341,False
KEY.SPACE,1635515197.9776394,True
KEY.SPACE,1635515198.0890818,False
'Z',1635515198.3521092,True
'Z',1635515198.416383,False
'U',1635515198.509954,True
'U',1635515198.5875735,False
KEY.SPACE,1635515198.7104197,True
KEY.SPACE,1635515198.8044105,False
'G',1635515198.836953,True
'E',1635515198.9133558,True
'N',1635515198.9767203,True
'G',1635515198.9919178,False
'E',1635515199.0542083,False
'N',1635515199.0693426,False
'I',1635515199.1797755,True
'I',1635515199.2566106,False
'E',1635515199.276163,True
'E',1635515199.3790295,False
'SS',1635515199.675406,True
'SS',1635515199.7504659,False
'E',1635515199.9048474,True
'E',1635515200.0294228,False
'N',1635515200.075119,True
'N',1635515200.1366792,False
'.',1635515200.3840144,True
'.',1635515200.477227,False
KEY.SPACE,1635515200.6488247,True
KEY.SPACE,1635515200.721385,False
KEY.SHIFT,1635515200.8048975,True
'I',1635515200.928643,True
'I',1635515200.9752388,False
KEY.SHIFT,1635515200.9752388,False
'G',1635515201.1318066,True
'E',1635515201.2685306,True
'L',1635515201.2990158,True
'G',1635515201.3146904,False
'L',1635515201.3943682,False
'E',1635515201.408489,False
KEY.SPACE,1635515201.5336773,True
KEY.SPACE,1635515201.610278,False
'U',1635515201.749544,True
'U',1635515201.8259761,False
'N',1635515201.9342246,True
'D',1635515201.99633,True
'N',1635515202.010806,False
'D',1635515202.0870302,False
KEY.SPACE,1635515202.11649,True
KEY.SHIFT,1635515202.1941824,True
KEY.SPACE,1635515202.1997359,False
'B',1635515202.3320026,True
'B',1635515202.394859,False
KEY.SHIFT,1635515202.394859,False
'Ä',1635515202.9031694,True
'Ä',1635515203.001384,False
'R',1635515203.2299817,True
'E',1635515203.3540251,True
'R',1635515203.4483955,False
'N',1635515203.4945354,True
'E',1635515203.5101514,False
'N',1635515203.58687,False
KEY.SPACE,1635515203.6943135,True
KEY.SPACE,1635515203.7877026,False
'F',1635515203.9422498,True
'U',1635515204.066266,True
'F',1635515204.0813377,False
'U',1635515204.1454368,False
'T',1635515204.3452213,True
'T',1635515204.4383054,False
'T',1635515204.5304985,True
'E',1635515204.6172626,True
'T',1635515204.6242094,False
'R',1635515204.73087,True
'N',1635515204.793654,True
'E',1635515204.823688,False
'R',1635515204.869627,False
'N',1635515204.8849545,False
KEY.SPACE,1635515204.9750526,True
KEY.SPACE,1635515205.0525973,False
'S',1635515205.0674837,True
'S',1635515205.1898017,False
'I',1635515205.1923501,True
'I',1635515205.2997124,False
'C',1635515205.3152401,True
'C',1635515205.392558,False
'H',1635515205.4231105,True
'H',1635515205.501161,False
KEY.SPACE,1635515205.7487872,True
KEY.SPACE,1635515205.8406801,False
'E',1635515205.9490178,True
'E',1635515206.0884068,False
'I',1635515206.090527,True
'I',1635515206.1821442,False
'N',1635515206.306176,True
'N',1635515206.3991883,False
'E',1635515206.61602,True
'E',1635515206.7191362,False
KEY.SPACE,1635515206.8171122,True
KEY.SPACE,1635515206.8973634,False
'B',1635515207.0380616,True
'E',1635515207.083905,True
'B',1635515207.111862,False
'E',1635515207.2524064,False
'A',1635515207.2550132,True
'C',1635515207.3389845,True
'A',1635515207.4068289,False
'H',1635515207.4229512,True
'C',1635515207.4588864,False
'H',1635515207.5178103,False
'T',1635515207.5957499,True
'T',1635515207.7175117,False
'L',1635515207.7197533,True
'L',1635515207.827861,False
'I',1635515207.952687,True
'C',1635515208.0149567,True
'I',1635515208.046428,False
'C',1635515208.1380076,False
'H',1635515208.1537316,True
'E',1635515208.2231271,True
'H',1635515208.2464492,False
'E',1635515208.3391643,False
KEY.SPACE,1635515208.3539565,True
KEY.SPACE,1635515208.4611104,False
KEY.SHIFT,1635515208.4760683,True
'S',1635515208.6012323,True
'S',1635515208.6779761,False
KEY.SHIFT,1635515208.6779761,False
'P',1635515208.7405481,True
'P',1635515208.8341875,False
'E',1635515208.8808908,True
'C',1635515208.9905431,True
'E',1635515209.0358605,False
'C',1635515209.1303291,False
'K',1635515209.2543328,True
'K',1635515209.3621523,False
'S',1635515209.8032513,True
'C',1635515209.872061,True
'H',1635515209.9698644,True
'S',1635515210.016033,False
'C',1635515210.039323,False
'H',1635515210.063723,False
'I',1635515210.218327,True
'I',1635515210.3430064,False
'C',1635515210.3442354,True
'C',1635515210.514167,False
'H',1635515210.5925438,True
'H',1635515210.669362,False
'T',1635515210.70031,True
'T',1635515210.8243256,False
KEY.SPACE,1635515210.8395429,True
KEY.SPACE,1635515210.9609854,False
'A',1635515211.552762,True
'N',1635515211.6460068,True
'A',1635515211.648032,False
'N',1635515211.7227018,False
"','",1635515212.1544845,True
"','",1635515212.2308493,False
KEY.SPACE,1635515212.339354,True
KEY.SHIFT,1635515212.4028735,True
KEY.SPACE,1635515212.433163,False
'E',1635515212.5111985,True
'E',1635515212.5438812,False
KEY.SHIFT,1635515212.5438812,False
'I',1635515212.6036777,True
'I',1635515212.694633,False
'C',1635515212.7587547,True
'H',1635515212.8678844,True
'C',1635515212.870244,False
'H',1635515212.9445527,False
'H',1635515213.1547744,True
'H',1635515213.2397106,False
'Ö',1635515213.6252224,True
'Ö',1635515213.7162108,False
'R',1635515213.8575387,True
'R',1635515213.9789047,False
'C',1635515214.1790843,True
'C',1635515214.3184218,False
'N',1635515214.3205695,True
'N',1635515214.4284956,False
KEY.BACKSPACE,1635515215.032339,True
KEY.BACKSPACE,1635515215.1265073,False
KEY.BACKSPACE,1635515215.1887512,True
KEY.BACKSPACE,1635515215.2515817,False
'C',1635515215.4824116,True
'C',1635515215.6067765,False
KEY.BACKSPACE,1635515215.8827908,True
KEY.BACKSPACE,1635515215.9756222,False
'N',1635515216.146368,True
'N',1635515216.234289,False
'C',1635515216.2371182,True
'H',1635515216.3458314,True
'C',1635515216.3568785,False
'E',1635515216.4062836,True
'H',1635515216.4365468,False
'N',1635515216.5090892,True
'E',1635515216.5302556,False
'N',1635515216.6073089,False
KEY.SPACE,1635515216.7600482,True
KEY.SPACE,1635515216.8692756,False
'U',1635515217.3544924,True
'U',1635515217.4417562,False
KEY.SPACE,1635515217.564105,True
'D',1635515217.6280494,True
KEY.SPACE,1635515217.6442251,False
'D',1635515217.7192838,False
KEY.SPACE,1635515217.7497122,True
'A',1635515217.8124392,True
KEY.SPACE,1635515217.843062,False
'N',1635515217.9412231,True
'A',1635515217.9433312,False
'D',1635515218.028773,True
'N',1635515218.0439236,False
'E',1635515218.1260498,True
'D',1635515218.1532981,False
'R',1635515218.246243,True
'E',1635515218.2942429,False
KEY.SPACE,1635515218.3600588,True
'R',1635515218.369876,False
KEY.SPACE,1635515218.4625804,False
KEY.SHIFT,1635515218.4795725,True
'N',1635515218.6178646,True
'N',1635515218.6790702,False
KEY.SHIFT,1635515218.6790702,False
KEY.BACKSPACE,1635515219.1888757,True
KEY.BACKSPACE,1635515219.9353137,False
KEY.BACKSPACE,1635515220.366932,True
KEY.BACKSPACE,1635515220.4752822,False
'N',1635515221.0358272,True
'N',1635515221.1392198,False
'D',1635515221.1432412,True
'D',1635515221.2844307,False
KEY.SPACE,1635515221.299124,True
KEY.SPACE,1635515221.410096,False
'A',1635515221.5799065,True
'N',1635515221.6906352,True
'A',1635515221.7062118,False
'D',1635515221.7730377,True
'N',1635515221.7836757,False
'E',1635515221.8923874,True
'D',1635515221.922051,False
'R',1635515222.0164218,True
'E',1635515222.0475962,False
'E',1635515222.141464,True
'R',1635515222.1715136,False
'E',1635515222.298002,False
KEY.SPACE,1635515222.6071467,True
KEY.SPACE,1635515222.7109613,False
KEY.SHIFT,1635515222.7155116,True
'N',1635515222.8717952,True
'N',1635515222.8873203,False
KEY.SHIFT,1635515222.8873203,False
'A',1635515222.9801357,True
'A',1635515223.0935857,False
'G',1635515223.1506522,True
'G',1635515223.2968307,False
'E',1635515223.3399673,True
'R',1635515223.447322,True
'E',1635515223.531984,False
KEY.SPACE,1635515223.5717013,True
'R',1635515223.6028385,False
KEY.SPACE,1635515223.6963274,False
'B',1635515223.8366094,True
'E',1635515223.8966398,True
'B',1635515223.9131205,False
'E',1635515224.0672028,False
'T',1635515224.096573,True
'T',1635515224.1908453,False
'R',1635515224.2831373,True
'E',1635515224.3910542,True
'R',1635515224.4504201,False
'I',1635515224.4558945,True
'E',1635515224.5601964,False
'I',1635515224.563682,False
'E',1635515224.7334526,True
'B',1635515224.7642589,True
'E',1635515224.8569617,False
'B',1635515224.8585312,False
KEY.BACKSPACE,1635515225.8188689,True
KEY.BACKSPACE,1635515225.911616,False
KEY.BACKSPACE,1635515225.957493,True
KEY.BACKSPACE,1635515226.040035,False
'B',1635515226.2217193,True
'E',1635515226.303293,True
'B',1635515226.3139598,False
'E',1635515226.421498,False
'N',1635515226.4369874,True
'N',1635515226.52852,False
KEY.SPACE,1635515226.6377192,True
KEY.SPACE,1635515226.7433128,False
KEY.SHIFT,1635515227.8306122,True
'L',1635515227.9740543,True
'L',1635515228.050108,False
KEY.SHIFT,1635515228.050108,False
'A',1635515228.1283102,True
'A',1635515228.2680573,False
'G',1635515228.3770328,True
'G',1635515228.517004,False
'E',1635515228.5319376,True
'R',1635515228.6422684,True
'E',1635515228.7650542,False
'R',1635515228.812181,False
'H',1635515229.1090598,True
'A',1635515229.1712608,True
'H',1635515229.2024496,False
'A',1635515229.2759693,False
'L',1635515229.3567147,True
'L',1635515229.4674404,False
'T',1635515229.480764,True
'T',1635515229.603566,False
'U',1635515229.6345215,True
'U',1635515229.6959558,False
'N',1635515229.821083,True
'N',1635515229.8984087,False
'G',1635515229.909492,True
'G',1635515230.0196033,False
'.',1635515230.31621,True
'.',1635515230.438658,False
KEY.SPACE,1635515230.562764,True
KEY.SPACE,1635515230.6560013,False
KEY.SHIFT,1635515230.6738992,True
'L',1635515230.8735843,True
'L',1635515230.9661624,False
KEY.SHIFT,1635515230.9661624,False
'A',1635515231.0567832,True
'A',1635515231.1573155,False
'U',1635515231.166617,True
'U',1635515231.2436545,False
'B',1635515231.3682141,True
'B',1635515231.461341,False
'B',1635515231.6186128,True
'B',1635515231.7012947,False
'Ä',1635515232.0197906,True
'Ä',1635515232.1122704,False
'U',1635515232.3118513,True
'U',1635515232.3718586,False
'M',1635515232.4808786,True
'E',1635515232.5741458,True
'M',1635515232.5899074,False
'E',1635515232.6829693,False
KEY.SPACE,1635515232.6968348,True
KEY.SPACE,1635515232.7913857,False
'U',1635515233.0089211,True
'U',1635515233.088733,False
'N',1635515233.2385468,True
'N',1635515233.304985,False
'D',1635515233.3073833,True
'D',1635515233.3915622,False
KEY.SPACE,1635515233.400275,True
KEY.SPACE,1635515233.4991827,False
'H',1635515233.6404047,True
'H',1635515233.715449,False
'I',1635515233.8373928,True
'E',1635515233.8607774,True
'I',1635515233.9319286,False
'R',1635515233.9470935,True
'E',1635515234.0408494,False
KEY.SPACE,1635515234.0705383,True
'R',1635515234.086935,False
KEY.SPACE,1635515234.1792169,False
'D',1635515234.1949608,True
'I',1635515234.304317,True
'D',1635515234.3348346,False
'E',1635515234.3720734,True
'I',1635515234.3811545,False
'E',1635515234.4870675,False
KEY.SPACE,1635515234.5199394,True
KEY.SPACE,1635515234.6007504,False
KEY.SHIFT,1635515234.6124299,True
'O',1635515234.765109,True
'O',1635515234.8438113,False
KEY.SHIFT,1635515234.8438113,False
'B',1635515235.0299366,True
'S',1635515235.1068397,True
'B',1635515235.1104581,False
'T',1635515235.2482305,True
'S',1635515235.2645276,False
'T',1635515235.3720436,False
'B',1635515235.6231005,True
'B',1635515235.7309387,False
'Ä',1635515236.1834288,True
'Ä',1635515236.2970538,False
'U',1635515236.4721045,True
'U',1635515236.5518026,False
'M',1635515236.6781044,True
'E',1635515236.7797976,True
'M',1635515236.783454,False
KEY.SPACE,1635515236.8938427,True
'E',1635515236.8961513,False
KEY.SPACE,1635515237.0173182,False
'I',1635515237.4946945,True
'I',1635515237.6028411,False
'M',1635515237.7261152,True
'M',1635515237.8195133,False
KEY.SPACE,1635515237.8867674,True
KEY.SHIFT,1635515237.973364,True
KEY.SPACE,1635515238.0050654,False
'B',1635515238.1286602,True
'B',1635515238.1587906,False
KEY.SHIFT,1635515238.1587906,False
'E',1635515238.2039695,True
'E',1635515238.3117588,False
'S',1635515238.4044843,True
'O',1635515238.4818168,True
'S',1635515238.5285141,False
'O',1635515238.5582204,False
'N',1635515238.7446046,True
'N',1635515238.8529553,False
'D',1635515238.8545518,True
'E',1635515238.9890199,True
'D',1635515239.0376582,False
'R',1635515239.1457784,True
'E',1635515239.176705,False
'E',1635515239.253147,True
'R',1635515239.3145368,False
'N',1635515239.3755062,True
'E',1635515239.406216,False
'N',1635515239.4694417,False
KEY.SPACE,1635515239.6224897,True
KEY.SPACE,1635515239.7170446,False
'Z',1635515240.2001395,True
'E',1635515240.2770486,True
'Z',1635515240.2791197,False
'E',1635515240.4039943,False
'I',1635515240.4202983,True
'I',1635515240.5173824,False
'G',1635515240.5296555,True
'E',1635515240.6216812,True
'G',1635515240.679058,False
'N',1635515240.746795,True
'E',1635515240.7497497,False
'N',1635515240.8231099,False
KEY.SPACE,1635515240.9473803,True
KEY.SPACE,1635515241.0558953,False
'U',1635515243.764205,True
'U',1635515243.8714263,False
'N',1635515243.9819927,True
'S',1635515244.0716536,True
'N',1635515244.0745661,False
'S',1635515244.1804707,False
KEY.SPACE,1635515244.1838899,True
KEY.SPACE,1635515244.2783675,False
'E',1635515244.309272,True
'E',1635515244.4182303,False
'I',1635515244.4200556,True
'I',1635515244.5121467,False
'N',1635515244.6062107,True
'E',1635515244.6530685,True
'N',1635515244.7000835,False
'E',1635515244.7471135,False
KEY.SPACE,1635515244.778246,True
KEY.SHIFT,1635515244.886946,True
KEY.SPACE,1635515244.902602,False
'A',1635515245.0721474,True
'A',1635515245.1226618,False
KEY.SHIFT,1635515245.1226618,False
KEY.BACKSPACE,1635515245.4974139,True
KEY.BACKSPACE,1635515245.58603,False
'A',1635515245.6840274,True
'A',1635515245.8239968,False
'N',1635515245.8394454,True
'D',1635515245.933769,True
'N',1635515245.9482462,False
'E',1635515246.0257068,True
'D',1635515246.0734222,False
'R',1635515246.167978,True
'E',1635515246.1839244,False
'E',1635515246.2934742,True
'R',1635515246.3402195,False
'E',1635515246.4183602,False
KEY.SPACE,1635515246.4775794,True
KEY.SHIFT,1635515246.5435126,True
KEY.SPACE,1635515246.5801888,False
'A',1635515246.6794171,True
'A',1635515246.7470012,False
KEY.SHIFT,1635515246.7470012,False
'R',1635515246.8882926,True
'R',1635515247.0600586,False
'T',1635515247.1375182,True
'T',1635515247.2560334,False
KEY.SPACE,1635515247.29224,True
KEY.SPACE,1635515247.4014826,False
'D',1635515247.478286,True
'E',1635515247.5704849,True
'D',1635515247.616678,False
'R',1635515247.6908612,True
'E',1635515247.7578778,False
KEY.SPACE,1635515247.803705,True
'R',1635515247.8349543,False
KEY.SHIFT,1635515247.923331,True
KEY.SPACE,1635515247.9283946,False
'B',1635515248.0994399,True
'B',1635515248.2099981,False
KEY.SHIFT,1635515248.225082,False
'O',1635515248.381574,True
'R',1635515248.4740868,True
'O',1635515248.4887927,False
'R',1635515248.6290572,False
'B',1635515248.6911356,True
'B',1635515248.7530353,False
KEY.BACKSPACE,1635515249.1595638,True
KEY.BACKSPACE,1635515249.2529583,False
KEY.BACKSPACE,1635515249.3476086,True
KEY.BACKSPACE,1635515249.4102092,False
KEY.BACKSPACE,1635515249.5043035,True
KEY.BACKSPACE,1635515249.5825884,False
KEY.BACKSPACE,1635515250.146557,True
KEY.BACKSPACE,1635515250.2560315,False
KEY.SHIFT,1635515250.5994687,True
'V',1635515250.7392774,True
'V',1635515250.8157997,False
KEY.SHIFT,1635515250.8157997,False
'O',1635515250.8623958,True
'O',1635515250.972483,False
'R',1635515251.03469,True
'R',1635515251.158635,False
'B',1635515251.361057,True
'B',1635515251.4719577,False
'E',1635515251.5188787,True
'R',1635515251.673293,True
'E',1635515251.7186353,False
'R',1635515251.8465016,False
'E',1635515251.877921,True
'E',1635515252.0048354,False
'I',1635515252.1433644,True
'I',1635515252.2844708,False
'T',1635515252.3622327,True
'T',1635515252.487303,False
'U',1635515252.518378,True
'U',1635515252.5969167,False
'N',1635515252.705795,True
'N',1635515252.7989051,False
'G',1635515252.8152938,True
'G',1635515252.906201,False
KEY.SPACE,1635515252.9446132,True
KEY.SPACE,1635515253.0481749,False
'A',1635515253.670812,True
'A',1635515253.794264,False
'U',1635515253.809271,True
'U',1635515253.9017785,False
'F',1635515253.9181066,True
'F',1635515254.025292,False
KEY.SPACE,1635515254.0394864,True
KEY.SPACE,1635515254.13463,False
'E',1635515254.1655416,True
'E',1635515254.2845697,False
'I',1635515254.28774,True
'I',1635515254.3799412,False
'N',1635515254.4886198,True
'N',1635515254.5798798,False
'E',1635515254.6108963,True
'N',1635515254.659515,True
'E',1635515254.7374952,False
'N',1635515254.752379,False
KEY.SPACE,1635515254.8314993,True
'G',1635515254.863763,True
KEY.SPACE,1635515254.9243019,False
'G',1635515254.9866521,False
'U',1635515255.0566015,True
'T',1635515255.12517,True
'U',1635515255.1392763,False
'E',1635515255.1859562,True
'T',1635515255.248331,False
'N',1635515255.2932653,True
'E',1635515255.3251095,False
'N',1635515255.3703437,False
KEY.SPACE,1635515255.4641435,True
KEY.SHIFT,1635515255.522764,True
KEY.SPACE,1635515255.5688229,False
'S',1635515255.6482825,True
'S',1635515255.708343,False
KEY.SHIFT,1635515255.708343,False
'C',1635515255.7239108,True
'H',1635515255.769946,True
'C',1635515255.8477416,False
'H',1635515255.8504386,False
'L',1635515256.0003886,True
'L',1635515256.1093776,False
'A',1635515256.3093648,True
'A',1635515256.4472818,False
'F',1635515256.744156,True
'F',1635515256.8690934,False
KEY.SHIFT,1635515257.0546072,True
':',1635515257.1882842,True
':',1635515257.2865045,False
KEY.SHIFT,1635515257.3177316,False
KEY.SPACE,1635515257.3972096,True
KEY.SHIFT,1635515257.4738228,True
KEY.SPACE,1635515257.5042982,False
'D',1635515257.628992,True
'D',1635515257.6755319,False
KEY.SHIFT,1635515257.6755319,False
'A',1635515257.7373514,True
'S',1635515257.830119,True
'A',1635515257.9537797,False
KEY.SPACE,1635515257.9678085,True
'S',1635515258.0002973,False
KEY.SPACE,1635515258.0939648,False
KEY.SHIFT,1635515258.1243303,True
'T',1635515258.3413458,True
'T',1635515258.433759,False
KEY.SHIFT,1635515258.433759,False
'A',1635515258.4817197,True
'G',1635515258.5899837,True
'A',1635515258.6043189,False
'G',1635515258.681165,False
'W',1635515258.72917,True
'E',1635515258.8250954,True
'W',1635515258.9169512,False
'E',1635515258.9769309,False
'R',1635515259.0389917,True
'K',1635515259.1748292,True
'R',1635515259.1785054,False
'K',1635515259.2563324,False
KEY.SPACE,1635515259.3691502,True
KEY.SPACE,1635515259.4763532,False
'W',1635515259.504026,True
'I',1635515259.6195726,True
'W',1635515259.623935,False
'R',1635515259.709303,True
'I',1635515259.7251475,False
'R',1635515259.7944286,False
'D',1635515259.9098458,True
KEY.SPACE,1635515259.9703512,True
'D',1635515260.0172026,False
KEY.SPACE,1635515260.0790122,False
'A',1635515260.09463,True
'B',1635515260.2187417,True
'A',1635515260.2205412,False
'B',1635515260.3038478,False
'G',1635515260.4514997,True
'E',1635515260.5440714,True
'G',1635515260.55938,False
'E',1635515260.6662385,False
'S',1635515260.7277942,True
'C',1635515260.821529,True
'L',1635515260.8994803,True
'S',1635515260.9143162,False
'C',1635515260.9622893,False
'L',1635515261.0088618,False
'O',1635515261.1011279,True
'O',1635515261.1711562,False
'S',1635515261.1776721,True
'S',1635515261.2562597,False
'S',1635515261.317012,True
'S',1635515261.4259782,False
'E',1635515261.518904,True
'N',1635515261.6113517,True
'E',1635515261.6270838,False
'N',1635515261.7028794,False
KEY.SPACE,1635515261.8113816,True
KEY.SPACE,1635515261.9028912,False
'U',1635515262.073226,True
'U',1635515262.1512625,False
'N',1635515262.2613587,True
'D',1635515262.3221831,True
'N',1635515262.3375385,False
'D',1635515262.4140682,False
KEY.SPACE,1635515262.4450238,True
KEY.SPACE,1635515262.5201032,False
'A',1635515262.5373957,True
'A',1635515262.6527452,False
'L',1635515262.677014,True
'L',1635515262.7461195,False
'L',1635515262.8302073,True
'E',1635515262.8800526,True
'L',1635515262.9074898,False
'E',1635515262.985078,False
'S',1635515263.0778048,True
KEY.SPACE,1635515263.1199355,True
'S',1635515263.1872218,False
KEY.SPACE,1635515263.2334118,False
KEY.SHIFT,1635515263.296245,True
'B',1635515263.3765414,True
'B',1635515263.4511693,False
KEY.SHIFT,1635515263.4511693,False
'E',1635515263.4969125,True
'E',1635515263.6369972,False
'L',1635515263.667992,True
'L',1635515263.7743864,False
'A',1635515263.7905645,True
'S',1635515263.9134765,True
'A',1635515263.9742203,False
'S',1635515264.0819302,False
'T',1635515264.2045333,True
'E',1635515264.2976835,True
'T',1635515264.3117325,False
'N',1635515264.4206698,True
'E',1635515264.4524834,False
'N',1635515264.5311687,False
'D',1635515264.8714955,True
'E',1635515264.9773126,True
'D',1635515265.038324,False
'E',1635515265.1303253,False
KEY.SPACE,1635515265.1329644,True
KEY.SPACE,1635515265.25769,False
'A',1635515265.4405394,True
'B',1635515265.5542076,True
'A',1635515265.5680685,False
'B',1635515265.6461957,False
'G',1635515265.7085626,True
'E',1635515265.8091753,True
'G',1635515265.8772788,False
'E',1635515265.9720123,False
'E',1635515266.0497196,True
'E',1635515266.1740172,False
KEY.BACKSPACE,1635515266.4100468,True
KEY.BACKSPACE,1635515266.5453331,False
'L',1635515267.3825943,True
'E',1635515267.4764824,True
'L',1635515267.5080237,False
'E',1635515267.6467752,False
'G',1635515267.6544125,True
'G',1635515267.771408,False
'T',1635515267.8798325,True
'T',1635515267.9715028,False
'.',1635515268.0344307,True
'.',1635515268.1597772,False
KEY.SPACE,1635515268.328379,True
KEY.SPACE,1635515268.4218724,False
KEY.SHIFT,1635515268.9503136,True
'S',1635515269.1403697,True
'S',1635515269.1832142,False
KEY.SHIFT,1635515269.1832142,False
'I',1635515269.229717,True
'I',1635515269.338095,False
'N',1635515269.4495595,True
'D',1635515269.5099258,True
'N',1635515269.5407414,False
'D',1635515269.6029525,False
KEY.SPACE,1635515269.6416035,True
KEY.SPACE,1635515269.7409678,False
'D',1635515269.772029,True
'D',1635515269.8829985,False
'I',1635515269.8977194,True
'E',1635515269.961569,True
'I',1635515269.9760878,False
'E',1635515270.0684874,False
KEY.SPACE,1635515270.1146343,True
KEY.SHIFT,1635515270.190184,True
KEY.SPACE,1635515270.1915164,False
'F',1635515270.3308017,True
'F',1635515270.392733,False
KEY.SHIFT,1635515270.392733,False
'R',1635515270.561183,True
'Ü',1635515270.6698978,True
'R',1635515270.6850815,False
'Ü',1635515270.7629683,False
'C',1635515270.8403742,True
'H',1635515270.9437785,True
'C',1635515270.9502249,False
'H',1635515271.0284376,False
'T',1635515271.0747645,True
'E',1635515271.152322,True
'T',1635515271.1988318,False
KEY.SPACE,1635515271.2443974,True
'E',1635515271.2918575,False
KEY.SPACE,1635515271.367418,False
'G',1635515272.0846994,True
'E',1635515272.1569915,True
'G',1635515272.1871755,False
'R',1635515272.2204564,True
'E',1635515272.278836,False
'E',1635515272.3730423,True
'R',1635515272.4036486,False
'I',1635515272.4497757,True
'E',1635515272.542119,False
'I',1635515272.5578506,False
'G',1635515272.635665,True
'G',1635515272.7757528,False
'T',1635515272.9004416,True
'T',1635515273.0595422,False
KEY.SPACE,1635515273.2100506,True
KEY.SPACE,1635515273.3336737,False
'U',1635515273.4729955,True
'U',1635515273.5410683,False
'N',1635515273.6596117,True
'D',1635515273.6960406,True
'N',1635515273.7356317,False
'D',1635515273.7973514,False
KEY.SPACE,1635515273.858109,True
'D',1635515273.9202912,True
KEY.SPACE,1635515273.9517705,False
'A',1635515274.0139754,True
'D',1635515274.0640712,False
'M',1635515274.0908194,True
'A',1635515274.1688254,False
'M',1635515274.184575,False
'I',1635515274.2944288,True
'T',1635515274.3816438,True
'I',1635515274.3859968,False
'T',1635515274.4935591,False
KEY.SPACE,1635515274.7565117,True
KEY.SPACE,1635515274.8643878,False
'D',1635515275.2995996,True
'I',1635515275.3986275,True
'D',1635515275.405961,False
'E',1635515275.4685767,True
'I',1635515275.4843752,False
'E',1635515275.576017,False
KEY.SPACE,1635515275.625124,True
KEY.SPACE,1635515275.7168157,False
'N',1635515275.8089783,True
'A',1635515275.8564613,True
'N',1635515275.9030292,False
'C',1635515275.9646616,True
'A',1635515276.0194185,False
'H',1635515276.07437,True
'C',1635515276.121364,False
'H',1635515276.1833973,False
'F',1635515276.52269,True
'F',1635515276.6778352,False
'O',1635515276.693776,True
'O',1635515276.7724347,False
'L',1635515276.8943655,True
'L',1635515276.98694,False
'G',1635515277.217064,True
'E',1635515277.370444,True
'G',1635515277.401831,False
'E',1635515277.5247712,False
'N',1635515277.5553293,True
'N',1635515277.6415346,False
'D',1635515277.6627269,True
'E',1635515277.70898,True
'D',1635515277.7866683,False
KEY.SPACE,1635515277.8019757,True
'E',1635515277.848951,False
KEY.SPACE,1635515277.9266226,False
KEY.SHIFT,1635515277.9574928,True
'G',1635515278.114302,True
'G',1635515278.1757133,False
KEY.SHIFT,1635515278.1757133,False
'E',1635515278.2838933,True
'N',1635515278.4077637,True
'E',1635515278.4228506,False
'N',1635515278.4942539,False
'E',1635515278.5158312,True
'R',1635515278.638084,True
'E',1635515278.7298932,False
'A',1635515278.7763066,True
'R',1635515278.7929618,False
'T',1635515278.9486878,True
'A',1635515278.9797328,False
'T',1635515279.0889547,False
'I',1635515279.101161,True
'I',1635515279.2195177,False
'O',1635515279.3658862,True
'O',1635515279.441349,False
'N',1635515279.6003501,True
'N',1635515279.6753583,False
'E',1635515279.6775708,True
'N',1635515279.7700284,True
'E',1635515279.801403,False
'N',1635515279.848417,False
KEY.SPACE,1635515279.9572089,True
KEY.SPACE,1635515280.0651357,False
'G',1635515280.0820267,True
'E',1635515280.1589403,True
'G',1635515280.255334,False
'E',1635515280.300961,False
'S',1635515280.3773608,True
'I',1635515280.4710126,True
'S',1635515280.533791,False
'I',1635515280.5784519,False
'C',1635515280.6727476,True
'H',1635515280.74926,True
'C',1635515280.8102272,False
'E',1635515280.8114197,True
'H',1635515280.825875,False
'R',1635515280.9500868,True
'E',1635515281.0122917,False
'R',1635515281.1209445,False
'T',1635515281.3054433,True
'T',1635515281.458846,False
KEY.SPACE,1635515281.7223604,True
KEY.SPACE,1635515281.830942,False
'U',1635515282.0018287,True
'U',1635515282.0938654,False
KEY.BACKSPACE,1635515282.4018595,True
KEY.BACKSPACE,1635515282.4929688,False
"','",1635515282.6336343,True
"','",1635515282.7189236,False
KEY.SPACE,1635515282.8490446,True
KEY.SPACE,1635515282.9404714,False
'T',1635515282.9725244,True
'T',1635515283.1260002,False
'R',1635515283.2340379,True
'E',1635515283.3415754,True
'R',1635515283.4193194,False
'E',1635515283.514414,False
'N',1635515283.8727705,True
'N',1635515284.0104005,False
'N',1635515284.4312835,True
'N',1635515284.53718,False
'T',1635515284.6480558,True
KEY.SPACE,1635515284.7545462,True
'T',1635515284.7698603,False
KEY.SPACE,1635515284.8468175,False
'S',1635515284.9094393,True
'I',1635515284.9877384,True
'S',1635515285.0179827,False
'I',1635515285.0940511,False
'C',1635515285.2500572,True
'H',1635515285.342457,True
'C',1635515285.367365,False
'H',1635515285.4502351,False
KEY.SPACE,1635515285.6019266,True
'D',1635515285.6052554,True
KEY.SPACE,1635515285.6820533,False
'D',1635515285.7611973,False
'E',1635515286.5998974,True
'R',1635515286.6942499,True
'E',1635515286.7707798,False
KEY.SPACE,1635515286.8181112,True
'R',1635515286.8261652,False
KEY.SPACE,1635515286.9266448,False
KEY.SHIFT,1635515286.9285033,True
'B',1635515287.0528972,True
'B',1635515287.0991426,False
KEY.SHIFT,1635515287.0991426,False
'A',1635515287.1766102,True
'U',1635515287.270345,True
'A',1635515287.2852383,False
'U',1635515287.3633475,False
'M',1635515287.4707775,True
'M',1635515287.548719,False
KEY.SPACE,1635515287.6423314,True
KEY.SPACE,1635515287.7520478,False
'V',1635515287.813814,True
'V',1635515287.9523187,False
'O',1635515288.3550851,True
'O',1635515288.436188,False
'M',1635515288.566855,True
'M',1635515288.642149,False
KEY.SPACE,1635515288.734248,True
KEY.SPACE,1635515288.8011484,False
KEY.SHIFT,1635515288.8272316,True
'L',1635515288.951595,True
'L',1635515289.0114746,False
KEY.SHIFT,1635515289.0114746,False
'A',1635515289.0904875,True
'A',1635515289.1813545,False
'I',1635515289.1830878,True
'I',1635515289.275413,False
'B',1635515289.4111161,True
'B',1635515289.492766,False
"','",1635515289.6779253,True
"','",1635515289.7622461,False
KEY.SPACE,1635515289.910391,True
KEY.SPACE,1635515290.001667,False
'W',1635515290.0174305,True
'W',1635515290.1379154,False
'I',1635515290.1546066,True
'I',1635515290.2634387,False
'E',1635515290.2943158,True
'E',1635515290.40417,False
KEY.SPACE,1635515290.4937856,True
KEY.SPACE,1635515290.5864165,False
'D',1635515290.6652422,True
'E',1635515290.7592115,True
'D',1635515290.8063364,False
'R',1635515290.9151587,True
'E',1635515290.9932482,False
KEY.SPACE,1635515291.024535,True
'R',1635515291.0558946,False
KEY.SPACE,1635515291.1316383,False
KEY.SHIFT,1635515291.147655,True
'M',1635515291.2432873,True
'M',1635515291.3037176,False
KEY.SHIFT,1635515291.3037176,False
'E',1635515291.3376567,True
'E',1635515291.4867897,False
'N',1635515291.4899836,True
'S',1635515291.590181,True
'N',1635515291.5967715,False
'C',1635515291.6848924,True
'H',1635515291.7356884,True
'S',1635515291.7666824,False
'H',1635515291.8241005,False
'C',1635515291.829491,False
KEY.SPACE,1635515291.9382524,True
KEY.SPACE,1635515292.031701,False
'V',1635515292.1418238,True
'O',1635515292.2673383,True
'V',1635515292.29737,False
'O',1635515292.3440247,False
'N',1635515292.483086,True
'N',1635515292.545916,False
KEY.SPACE,1635515292.6699674,True
'S',1635515292.74659,True
KEY.SPACE,1635515292.7622335,False
'S',1635515292.84137,False
'E',1635515292.9207022,True
'I',1635515292.9496033,True
'I',1635515293.0381222,False
'E',1635515293.0403378,False
'N',1635515293.1494477,True
'E',1635515293.1971388,True
'N',1635515293.2270744,False
'E',1635515293.3010054,False
'M',1635515293.3027875,True
'M',1635515293.3961747,False
KEY.SPACE,1635515293.502982,True
KEY.SPACE,1635515293.579056,False
KEY.SHIFT,1635515293.5821607,True
'N',1635515293.7344525,True
'N',1635515293.7955322,False
KEY.SHIFT,1635515293.7955322,False
KEY.BACKSPACE,1635515294.5911615,True
KEY.SHIFT,1635515294.6519058,True
KEY.BACKSPACE,1635515294.6822155,False
'A',1635515294.775322,True
'A',1635515294.8214421,False
KEY.SHIFT,1635515294.8214421,False
'N',1635515294.885111,True
'N',1635515294.9777043,False
'Z',1635515295.118514,True
'Z',1635515295.1788964,False
'U',1635515295.2886677,True
'U',1635515295.36389,False
'G',1635515295.366718,True
'G',1635515295.475719,False
'.',1635515296.631902,True
'.',1635515296.7251139,False
KEY.SPACE,1635515296.8791883,True
KEY.SPACE,1635515296.9669714,False
KEY.SHIFT,1635515296.973956,True
'W',1635515297.1283119,True
'W',1635515297.2053962,False
KEY.SHIFT,1635515297.2053962,False
'I',1635515297.2365353,True
'I',1635515297.3289857,False
'N',1635515297.4540253,True
'T',1635515297.5159025,True
'N',1635515297.5496771,False
'E',1635515297.637974,True
'T',1635515297.6405747,False
'R',1635515297.778786,True
'E',1635515297.8728468,False
'R',1635515297.980649,False
'Z',1635515298.2684107,True
'E',1635515298.3526278,True
'Z',1635515298.3669107,False
'E',1635515298.4777944,False
'I',1635515298.4935777,True
'I',1635515298.6306694,False
'T',1635515298.8610976,True
'T',1635515298.9695277,False
KEY.SPACE,1635515299.026459,True
KEY.SPACE,1635515299.1199982,False
'I',1635515299.323602,True
'I',1635515299.417537,False
'S',1635515299.4319494,True
'T',1635515299.5733309,True
'S',1635515299.6027093,False
KEY.SPACE,1635515299.6816823,True
'T',1635515299.6965811,False
KEY.SPACE,1635515299.774233,False
KEY.SHIFT,1635515299.8204935,True
'Z',1635515300.0228848,True
'Z',1635515300.1325462,False
KEY.SHIFT,1635515300.2078688,False
KEY.BACKSPACE,1635515300.5501428,True
KEY.SHIFT,1635515300.5961542,True
KEY.BACKSPACE,1635515300.6421177,False
'R',1635515300.7362223,True
'R',1635515300.799288,False
KEY.SHIFT,1635515300.799288,False
'U',1635515300.90284,True
'U',1635515300.9970746,False
'G',1635515301.167083,True
'G',1635515301.2436593,False
KEY.BACKSPACE,1635515301.6442573,True
KEY.BACKSPACE,1635515301.7183146,False
'H',1635515301.9091067,True
'E',1635515301.986508,True
'H',1635515301.9918664,False
'E',1635515302.1117013,False
'Z',1635515302.1267266,True
'Z',1635515302.2194805,False
'E',1635515302.2355394,True
'I',1635515302.3276324,True
'E',1635515302.3738854,False
'I',1635515302.4343996,False
'T',1635515302.450817,True
'T',1635515302.5752938,False
'.',1635515303.0736222,True
'.',1635515303.180453,False
KEY.SPACE,1635515303.3354435,True
KEY.SPACE,1635515303.4285386,False
KEY.SHIFT,1635515303.4747488,True
'W',1635515303.6443315,True
'W',1635515303.7515557,False
KEY.BACKSPACE,1635515304.1396155,True
KEY.BACKSPACE,1635515304.2342346,False
'M',1635515304.3924925,True
'M',1635515304.4987388,False
KEY.SHIFT,1635515304.515107,False
'E',1635515304.5618858,True
'I',1635515304.6698496,True
'E',1635515304.699885,False
'I',1635515304.763215,False
'N',1635515304.855309,True
'E',1635515304.9210086,True
'N',1635515304.950069,False
'E',1635515305.031059,False
KEY.SPACE,1635515305.04078,True
KEY.SPACE,1635515305.1504788,False
KEY.SHIFT,1635515305.2441802,True
'F',1635515305.3676875,True
'F',1635515305.445215,False
KEY.SHIFT,1635515305.445215,False
'R',1635515305.5676677,True
'A',1635515305.6295905,True
'R',1635515305.6754396,False
'U',1635515305.7239122,True
'A',1635515305.7838438,False
'U',1635515305.8017185,False
KEY.SPACE,1635515305.908684,True
KEY.SPACE,1635515306.0018342,False
'U',1635515306.141475,True
'U',1635515306.2201314,False
'N',1635515306.3380852,True
'N',1635515306.4198115,False
KEY.SPACE,1635515306.5284295,True
KEY.SPACE,1635515306.6386714,False
KEY.BACKSPACE,1635515307.0740716,True
KEY.BACKSPACE,1635515307.1669972,False
'D',1635515307.2287424,True
'D',1635515307.3201718,False
KEY.SPACE,1635515307.3814273,True
KEY.SPACE,1635515307.4739742,False
'I',1635515307.5853863,True
'I',1635515307.6796527,False
'C',1635515307.706306,True
'H',1635515307.7985492,True
'C',1635515307.814265,False
'H',1635515307.8770518,False
KEY.SPACE,1635515307.9840622,True
KEY.SPACE,1635515308.060717,False
'L',1635515308.1845386,True
'L',1635515308.2918801,False
'I',1635515308.4003315,True
'I',1635515308.5213668,False
'E',1635515308.5701208,True
'E',1635515308.6784894,False
'B',1635515308.7100048,True
'B',1635515308.7843153,False
'E',1635515308.7867792,True
'N',1635515308.897039,True
'E',1635515308.9131386,False
'N',1635515308.9750228,False
KEY.SPACE,1635515309.0673275,True
KEY.SPACE,1635515309.1476748,False
'D',1635515309.161472,True
'E',1635515309.271942,True
'D',1635515309.3192823,False
'E',1635515309.3646517,False
'I',1635515309.397197,True
'I',1635515309.5043833,False
KEY.SPACE,1635515309.6274285,True
KEY.SPACE,1635515309.734593,False
'S',1635515310.0159774,True
'C',1635515310.1322157,True
'H',1635515310.1937668,True
'S',1635515310.2263982,False
'C',1635515310.281583,False
'H',1635515310.2877543,False
'N',1635515310.3815138,True
'E',1635515310.4368343,True
'N',1635515310.4744585,False
'E',1635515310.5535963,False
'E',1635515310.6448667,True
'E',1635515310.7532809,False
'R',1635515310.8157954,True
'E',1635515310.9083467,True
'R',1635515310.9703877,False
'I',1635515310.9852607,True
'E',1635515311.0473802,False
'I',1635515311.109181,False
'C',1635515311.1549885,True
'E',1635515311.2337718,True
'C',1635515311.263514,False
'H',1635515311.2797043,True
'H',1635515311.356427,False
'E',1635515311.386952,False
'N',1635515311.4787762,True
'N',1635515311.5799558,False
KEY.BACKSPACE,1635515312.1290374,True
KEY.BACKSPACE,1635515312.2075806,False
KEY.BACKSPACE,1635515312.3031826,True
KEY.BACKSPACE,1635515312.3791974,False
KEY.BACKSPACE,1635515312.4739985,True
KEY.BACKSPACE,1635515312.5544825,False
'H',1635515313.0928304,True
'E',1635515313.176407,True
'H',1635515313.1846368,False
'N',1635515313.2800446,True
'E',1635515313.3097901,False
'N',1635515313.3660734,False
KEY.SHIFT,1635515313.4634526,True
KEY.SPACE,1635515313.465159,True
KEY.SPACE,1635515313.5527413,False
'W',1635515313.6327937,True
'W',1635515313.7227783,False
KEY.SHIFT,1635515313.7227783,False
'I',1635515313.7665265,True
'I',1635515313.8574097,False
'N',1635515313.9750493,True
'T',1635515314.046001,True
'N',1635515314.075827,False
'T',1635515314.1688673,False
'E',1635515314.1847494,True
'R',1635515314.2923098,True
KEY.SPACE,1635515314.3854833,True
'E',1635515314.4001553,False
'R',1635515314.4470675,False
KEY.SPACE,1635515314.4767947,False
'I',1635515314.6932223,True
'I',1635515314.8012702,False
'N',1635515314.9103515,True
'N',1635515314.9872983,False
KEY.SPACE,1635515315.095367,True
'D',1635515315.17222,True
KEY.SPACE,1635515315.2036433,False
'E',1635515315.2516797,True
'D',1635515315.3373158,False
'N',1635515315.3748705,True
'E',1635515315.4065175,False
'N',1635515315.4359386,False
KEY.SPACE,1635515315.5439649,True
KEY.SHIFT,1635515315.6044514,True
KEY.SPACE,1635515315.6361647,False
'B',1635515315.7475524,True
'B',1635515315.76043,False
KEY.SHIFT,1635515315.76043,False
'E',1635515315.8091204,True
'R',1635515315.8700545,True
'E',1635515315.9331067,False
'G',1635515316.0340974,True
'R',1635515316.0541337,False
'E',1635515316.1201267,True
'G',1635515316.1485558,False
'E',1635515316.271506,False
'N',1635515316.3179107,True
'N',1635515316.4247038,False
'.',1635515317.0116928,True
'.',1635515317.1212268,False
KEY.SPACE,1635515317.239702,True
KEY.SPACE,1635515317.3544433,False
KEY.SHIFT,1635515317.3566692,True
'S',1635515317.5414634,True
'S',1635515317.6479654,False
KEY.SHIFT,1635515317.6479654,False
'E',1635515317.7841132,True
'I',1635515317.8956633,True
'E',1635515317.9428525,False
'I',1635515317.988679,False
'T',1635515318.0191624,True
'T',1635515318.1298358,False
KEY.SPACE,1635515318.1591866,True
KEY.SPACE,1635515318.2516649,False
'V',1635515318.421582,True
'I',1635515318.545965,True
'V',1635515318.552204,False
'I',1635515318.6375747,False
'E',1635515318.654186,True
'L',1635515318.7625837,True
'E',1635515318.778223,False
'L',1635515318.8568823,False
'E',1635515318.860092,True
'E',1635515318.9980218,False
'N',1635515318.999818,True
'N',1635515319.0897074,False
KEY.SPACE,1635515319.1668355,True
KEY.SHIFT,1635515319.2558126,True
KEY.SPACE,1635515319.261944,False
'J',1635515319.3864768,True
'J',1635515319.463964,False
KEY.SHIFT,1635515319.463964,False
'A',1635515319.5563471,True
'A',1635515319.709665,False
'H',1635515320.0996149,True
'H',1635515320.2166846,False
'R',1635515320.2222571,True
'E',1635515320.284292,True
'R',1635515320.3791957,False
'N',1635515320.4100404,True
'E',1635515320.4402986,False
'N',1635515320.5182478,False
KEY.SPACE,1635515320.6450815,True
KEY.SPACE,1635515320.7224562,False
'R',1635515320.8453035,True
'E',1635515320.9006433,True
'R',1635515321.0145645,False
'E',1635515321.0768304,False
'S',1635515321.1981323,True
'S',1635515321.3255455,False
KEY.BACKSPACE,1635515321.9178867,True
KEY.BACKSPACE,1635515322.0257168,False
'I',1635515322.1655548,True
'S',1635515322.2599192,True
'I',1635515322.2758658,False
'S',1635515322.3840554,False
'E',1635515322.4767466,True
'N',1635515322.5549214,True
'E',1635515322.6009538,False
'N',1635515322.6321015,False
KEY.SPACE,1635515322.7536101,True
KEY.SPACE,1635515322.846728,False
'W',1635515322.8939712,True
'I',1635515323.009055,True
'W',1635515323.0172467,False
'I',1635515323.0952654,False
'R',1635515323.1105406,True
'R',1635515323.2337275,False
KEY.SPACE,1635515323.2366946,True
KEY.SPACE,1635515323.3588433,False
'Z',1635515323.512313,True
'Z',1635515323.5893168,False
'U',1635515323.806146,True
'U',1635515323.899885,False
'M',1635515324.0385668,True
'M',1635515324.117493,False
KEY.SPACE,1635515324.224476,True
KEY.SHIFT,1635515324.2710016,True
KEY.SPACE,1635515324.3000693,False
'J',1635515324.4556925,True
'J',1635515324.502169,False
KEY.SHIFT,1635515324.502169,False
'A',1635515324.590241,True
'A',1635515324.7665186,False
'H',1635515324.8901906,True
'H',1635515324.9825861,False
'R',1635515325.042628,True
'E',1635515325.1172483,True
'R',1635515325.2129285,False
'E',1635515325.3066466,False
'S',1635515325.4751465,True
'S',1635515325.5991814,False
'W',1635515325.7102857,True
'E',1635515325.8007236,True
'W',1635515325.9077353,False
'E',1635515325.9535983,False
'H',1635515326.0297036,True
'C',1635515326.0909343,True
'H',1635515326.1361003,False
'C',1635515326.228128,False
'S',1635515326.525249,True
'S',1635515326.648229,False
'E',1635515326.7249737,True
'L',1635515326.7863853,True
'E',1635515326.8340023,False
'L',1635515326.8804812,False
KEY.SPACE,1635515327.0182652,True
KEY.SPACE,1635515327.1112998,False
'F',1635515327.1579807,True
'F',1635515327.313681,False
'Ü',1635515327.3394651,True
'Ü',1635515327.4513967,False
'R',1635515327.7898903,True
'R',1635515327.9141824,False
KEY.SPACE,1635515327.976079,True
KEY.SPACE,1635515328.0692255,False
'5',1635515328.556166,True
'5',1635515328.6337483,False
KEY.SPACE,1635515328.7882886,True
KEY.SPACE,1635515328.883382,False
KEY.SHIFT,1635515328.8954916,True
'W',1635515329.024889,True
'W',1635515329.1100805,False
KEY.SHIFT,1635515329.1100805,False
'O',1635515329.1180902,True
'O',1635515329.2419918,False
'C',1635515329.2563016,True
'C',1635515329.379285,False
'H',1635515329.3955731,True
'H',1635515329.4790087,False
'E',1635515329.5061848,True
'N',1635515329.581861,True
'E',1635515329.599362,False
'N',1635515329.6661513,False
KEY.SPACE,1635515329.7500696,True
KEY.SPACE,1635515329.8436296,False
'I',1635515329.9671533,True
'I',1635515330.0594015,False
'N',1635515330.1528614,True
'N',1635515330.2208972,False
KEY.SPACE,1635515330.3239837,True
KEY.SPACE,1635515330.4003382,False
'E',1635515330.4173427,True
'I',1635515330.5398047,True
'E',1635515330.5546637,False
'I',1635515330.6169643,False
'N',1635515330.7110312,True
'N',1635515330.7868972,False
KEY.SPACE,1635515330.8801947,True
KEY.SPACE,1635515330.9733808,False
'K',1635515331.0828693,True
'K',1635515331.1606443,False
'L',1635515331.23762,True
'E',1635515331.3159866,True
'L',1635515331.3320246,False
'E',1635515331.4240198,False
'I',1635515331.4377396,True
'I',1635515331.5148206,False
'N',1635515331.6235914,True
'E',1635515331.6849396,True
'N',1635515331.7011333,False
'E',1635515331.8564672,False
'S',1635515331.9035318,True
'S',1635515332.041593,False
KEY.SPACE,1635515332.644376,True
KEY.SHIFT,1635515332.7685947,True
KEY.SPACE,1635515332.7740567,False
'B',1635515333.3123357,True
'B',1635515333.3885999,False
KEY.SHIFT,1635515333.4185998,False
KEY.BACKSPACE,1635515335.314507,True
KEY.BACKSPACE,1635515335.4152777,False
KEY.SHIFT,1635515335.4172716,True
'D',1635515335.588196,True
'D',1635515335.6836777,False
KEY.SHIFT,1635515335.6836777,False
'O',1635515336.3877532,True
'R',1635515336.464766,True
'O',1635515336.495051,False
'R',1635515336.6050296,False
'F',1635515336.837521,True
'F',1635515336.9773593,False
KEY.SPACE,1635515337.0381386,True
KEY.SPACE,1635515337.164022,False
'I',1635515337.479158,True
'I',1635515337.621414,False
'N',1635515337.7758663,True
'N',1635515337.8838167,False
KEY.SPACE,1635515337.9971921,True
'D',1635515338.1246905,True
KEY.SPACE,1635515338.1316938,False
'D',1635515338.3827205,False
KEY.BACKSPACE,1635515338.6029215,True
KEY.BACKSPACE,1635515338.6810653,False
KEY.BACKSPACE,1635515338.775726,True
KEY.BACKSPACE,1635515338.852691,False
KEY.BACKSPACE,1635515339.023986,True
KEY.BACKSPACE,1635515339.117888,False
'M',1635515339.3529978,True
'M',1635515339.4456055,False
KEY.SPACE,1635515339.5860398,True
KEY.SHIFT,1635515339.63454,True
KEY.SPACE,1635515339.680125,False
'B',1635515339.8055553,True
'B',1635515339.8363566,False
KEY.SHIFT,1635515339.8363566,False
'A',1635515339.9022954,True
'A',1635515340.008592,False
'Y',1635515340.1658537,True
'Y',1635515340.3050358,False
'R',1635515340.4992356,True
'I',1635515340.6158044,True
'R',1635515340.6471536,False
'S',1635515340.72566,True
'I',1635515340.741193,False
'C',1635515340.8191528,True
'S',1635515340.8823628,False
'H',1635515340.892693,True
'C',1635515340.9439545,False
'H',1635515340.9913127,False
'E',1635515340.9929392,True
'E',1635515341.086723,False
'N',1635515341.1021879,True
'N',1635515341.2117934,False
KEY.SPACE,1635515341.2889717,True
KEY.SHIFT,1635515341.3668892,True
KEY.SPACE,1635515341.4133425,False
'W',1635515341.4603508,True
'W',1635515341.5312836,False
KEY.SHIFT,1635515341.5312836,False
'A',1635515341.6161773,True
'L',1635515341.725005,True
'A',1635515341.7709334,False
'L',1635515341.8178923,False
'D',1635515341.8496642,True
"','",1635515341.9440544,True
'D',1635515341.9487529,False
"','",1635515342.051368,False
KEY.SPACE,1635515342.1457946,True
KEY.SPACE,1635515342.2387817,False
'N',1635515342.363364,True
'A',1635515342.4110167,True
'N',1635515342.4397712,False
'C',1635515342.518485,True
'A',1635515342.5823503,False
'H',1635515342.5968611,True
'C',1635515342.6822329,False
'H',1635515342.6897724,False
KEY.SPACE,1635515342.8148434,True
KEY.SHIFT,1635515342.8966959,True
KEY.SPACE,1635515342.9012306,False
'B',1635515343.0175128,True
'B',1635515343.0948074,False
KEY.SHIFT,1635515343.0948074,False
'U',1635515343.2031093,True
'C',1635515343.2944245,True
'U',1635515343.2959065,False
'H',1635515343.4044192,True
'C',1635515343.4214244,False
'E',1635515343.4845529,True
'H',1635515343.4993906,False
'E',1635515343.5861034,False
'N',1635515343.592566,True
'N',1635515343.6938117,False
'A',1635515343.9841065,True
'A',1635515344.1086433,False
'U',1635515344.1401598,True
'U',1635515344.2161827,False
'.',1635515344.8424947,True
'.',1635515344.9207187,False
KEY.SPACE,1635515345.0462322,True
KEY.SHIFT,1635515345.0899782,True
KEY.SPACE,1635515345.1373506,False
'D',1635515345.2321084,True
'D',1635515345.3095605,False
KEY.SHIFT,1635515345.3095605,False
'I',1635515345.3867736,True
'I',1635515345.4789624,False
'E',1635515345.4817338,True
'E',1635515345.589446,False
KEY.SPACE,1635515345.636425,True
KEY.SPACE,1635515345.7143207,False
'S',1635515345.762006,True
'O',1635515345.8716407,True
'S',1635515345.903076,False
'O',1635515345.9515276,False
'L',1635515346.0450332,True
'L',1635515346.1379604,False
'I',1635515346.2471547,True
'I',1635515346.3286567,False
'D',1635515346.3370068,True
'D',1635515346.489952,False
'G',1635515346.5993218,True
'E',1635515346.7068195,True
'G',1635515346.783722,False
KEY.SPACE,1635515346.829718,True
'E',1635515346.8458228,False
KEY.SPACE,1635515346.9241052,False
KEY.SHIFT,1635515347.1098466,True
KEY.SHIFT,1635515347.3264046,False
KEY.BACKSPACE,1635515347.527248,True
KEY.BACKSPACE,1635515347.6091013,False
KEY.BACKSPACE,1635515347.7185938,True
KEY.BACKSPACE,1635515347.7787035,False
KEY.BACKSPACE,1635515347.8711634,True
KEY.BACKSPACE,1635515347.9509842,False
'E',1635515347.9811358,True
'E',1635515348.088529,False
KEY.SPACE,1635515348.1640282,True
KEY.SHIFT,1635515348.2273967,True
KEY.SPACE,1635515348.2571986,False
'G',1635515348.4288795,True
'G',1635515348.459455,False
KEY.SHIFT,1635515348.459455,False
'A',1635515348.535986,True
'S',1635515348.596679,True
'A',1635515348.6905162,False
'S',1635515348.7495565,False
'T',1635515348.7818809,True
'I',1635515348.9097867,True
'T',1635515348.9203908,False
'I',1635515348.99157,False
KEY.BACKSPACE,1635515349.6085367,True
KEY.BACKSPACE,1635515349.6854813,False
'L',1635515349.8396003,True
'L',1635515349.9322166,False
'I',1635515350.0262034,True
'I',1635515350.1188273,False
'C',1635515350.1504517,True
'H',1635515350.240672,True
'C',1635515350.272831,False
'H',1635515350.334464,False
'K',1635515350.442037,True
'E',1635515350.5329068,True
'K',1635515350.5343347,False
'I',1635515350.6727946,True
'E',1635515350.6869447,False
'I',1635515350.7436688,False
'T',1635515350.7653522,True
'T',1635515350.8568337,False
KEY.SPACE,1635515350.9195218,True
KEY.SPACE,1635515351.0263789,False
'U',1635515352.626096,True
'U',1635515352.704508,False
'N',1635515352.828315,True
'N',1635515352.9104474,False
'D',1635515352.9133973,True
'D',1635515352.9968033,False
KEY.SPACE,1635515353.0122433,True
KEY.SPACE,1635515353.0912256,False
'D',1635515353.107105,True
'I',1635515353.2286918,True
'D',1635515353.234243,False
'I',1635515353.3117402,False
'E',1635515353.3496988,True
'E',1635515353.4597228,False
KEY.SPACE,1635515353.468786,True
KEY.SPACE,1635515353.5631955,False
'N',1635515353.6878076,True
'N',1635515353.7501688,False
'A',1635515353.7967465,True
'A',1635515353.9036207,False
'T',1635515354.0595655,True
'Ü',1635515354.1527238,True
'T',1635515354.1846895,False
'Ü',1635515354.238652,False
'R',1635515354.2626426,True
'R',1635515354.3860054,False
'L',1635515354.4018114,True
'L',1635515354.51229,False
'I',1635515354.6670706,True
'I',1635515354.7611985,False
'C',1635515354.776667,True
'C',1635515354.879741,False
'H',1635515354.9008706,True
'E',1635515354.977356,True
'H',1635515354.9798143,False
'E',1635515355.0883503,False
KEY.SPACE,1635515355.1032758,True
KEY.SHIFT,1635515355.181138,True
KEY.SPACE,1635515355.196331,False
'S',1635515355.2597013,True
'S',1635515355.3519616,False
KEY.SHIFT,1635515355.3519616,False
'T',1635515355.4451122,True
'I',1635515355.5238779,True
'T',1635515355.6021628,False
'I',1635515355.617854,False
'L',1635515355.7202013,True
'L',1635515355.8049095,False
'L',1635515355.8495378,True
'E',1635515355.9126315,True
'L',1635515355.9272974,False
'E',1635515356.020269,False
KEY.SPACE,1635515356.0667324,True
KEY.SPACE,1635515356.13123,False
'I',1635515356.2712975,True
'I',1635515356.3487954,False
'N',1635515356.4744048,True
'N',1635515356.5531712,False
KEY.SPACE,1635515356.6362736,True
'D',1635515356.7076633,True
KEY.SPACE,1635515356.729871,False
'E',1635515356.796726,True
'D',1635515356.8635623,False
'R',1635515356.9264872,True
KEY.SPACE,1635515356.9719436,True
'E',1635515356.9875803,False
KEY.SPACE,1635515357.0649214,False
'R',1635515357.0812852,False
KEY.SHIFT,1635515357.096922,True
'N',1635515357.1749926,True
'N',1635515357.2048542,False
KEY.SHIFT,1635515357.2048542,False
'A',1635515357.2676835,True
'C',1635515357.3783863,True
'A',1635515357.4404166,False
'H',1635515357.4551234,True
'C',1635515357.5030227,False
'H',1635515357.5479777,False
'T',1635515357.628135,True
KEY.SPACE,1635515357.6902852,True
'T',1635515357.736636,False
KEY.SPACE,1635515357.799808,False
'S',1635515357.8765247,True
'I',1635515357.9708738,True
'S',1635515358.0337796,False
'I',1635515358.0651705,False
'N',1635515358.173506,True
'N',1635515358.2676454,False
'D',1635515358.2857397,True
'D',1635515358.3921685,False
KEY.SPACE,1635515358.4396412,True
KEY.SPACE,1635515358.5324829,False
'E',1635515358.5474324,True
'E',1635515358.664291,False
'I',1635515358.6899745,True
'I',1635515358.7835276,False
'G',1635515358.7993085,True
'E',1635515358.87747,True
'G',1635515358.9535058,False
'N',1635515358.9561415,True
'E',1635515359.0174396,False
'N',1635515359.0492759,False
'T',1635515359.1111608,True
'L',1635515359.235252,True
'T',1635515359.249312,False
'L',1635515359.3118858,False
'I',1635515359.452839,True
'I',1635515359.5465107,False
'C',1635515359.562408,True
'C',1635515359.6682906,False
'H',1635515359.6725268,True
'H',1635515359.752058,False
KEY.SPACE,1635515359.8602278,True
KEY.SPACE,1635515359.9386373,False
'U',1635515360.0587308,True
'U',1635515360.143162,False
'N',1635515360.235601,True
'N',1635515360.3272765,False
'B',1635515360.424595,True
'E',1635515360.468634,True
'B',1635515360.5017006,False
'E',1635515360.5952988,False
'Z',1635515360.6112123,True
'A',1635515360.6584384,True
'Z',1635515360.6890674,False
'H',1635515360.7637699,True
'A',1635515360.7975771,False
'H',1635515360.8599129,False
'L',1635515360.9830065,True
'L',1635515361.0932107,False
'B',1635515361.2336595,True
'A',1635515361.2696881,True
'B',1635515361.2966132,False
'R',1635515361.358801,True
'A',1635515361.4357967,False
'R',1635515361.496931,False
'.',1635515361.7628434,True
'.',1635515361.8702178,False
KEY.SPACE,1635515362.0266783,True
KEY.SPACE,1635515362.1199288,False
KEY.SHIFT,1635515362.4168797,True
'F',1635515362.715505,True
'F',1635515362.7984192,False
KEY.SHIFT,1635515362.7984192,False
'Ü',1635515362.9790907,True
'R',1635515363.066395,True
'Ü',1635515363.073338,False
'R',1635515363.1837265,False
KEY.SPACE,1635515363.2455902,True
KEY.SPACE,1635515363.3549323,False
KEY.SHIFT,1635515363.5245454,True
'A',1635515363.7399304,True
'A',1635515363.8007278,False
KEY.SHIFT,1635515363.8007278,False
'S',1635515363.8336797,True
'S',1635515364.0056717,False
KEY.BACKSPACE,1635515364.4838953,True
KEY.SHIFT,1635515364.5628467,True
KEY.BACKSPACE,1635515364.577533,False
KEY.BACKSPACE,1635515364.919344,True
KEY.BACKSPACE,1635515364.9960532,False
'S',1635515365.0998967,True
'S',1635515365.2123697,False
KEY.SHIFT,1635515365.2123697,False
'P',1635515365.2598925,True
'P',1635515365.3976126,False
'A',1635515365.492494,True
'A',1635515365.6456423,False
'Z',1635515365.9076025,True
'Z',1635515365.984658,False
'I',1635515366.0952916,True
'E',1635515366.1255279,True
'I',1635515366.2028704,False
'R',1635515366.2182958,True
'E',1635515366.3090594,False
'R',1635515366.3387284,False
'G',1635515366.465025,True
'Ä',1635515366.5555725,True
'G',1635515366.571007,False
'Ä',1635515366.6477392,False
'N',1635515366.8317657,True
'G',1635515366.9173636,True
'N',1635515366.9238858,False
'E',1635515366.994731,True
'G',1635515367.0960603,False
KEY.SPACE,1635515367.1121879,True
'E',1635515367.141663,False
KEY.SPACE,1635515367.2132263,False
'I',1635515367.759066,True
'I',1635515367.8610144,False
'N',1635515367.9900095,True
'N',1635515368.0676076,False
KEY.SPACE,1635515368.161366,True
'D',1635515368.208442,True
KEY.SPACE,1635515368.2482219,False
'E',1635515368.3182478,True
'D',1635515368.3487716,False
'R',1635515368.426635,True
KEY.SPACE,1635515368.476551,True
'E',1635515368.4791105,False
'R',1635515368.5661862,False
KEY.SPACE,1635515368.5807612,False
'W',1635515368.6204903,True
'E',1635515368.7040448,True
'I',1635515368.7657473,True
'W',1635515368.7978678,False
'E',1635515368.8473024,False
'I',1635515368.8592203,False
'B',1635515368.9675977,True
'B',1635515369.0458834,False
'L',1635515369.1786757,True
'L',1635515369.2785034,False
'I',1635515369.4025428,True
'I',1635515369.4952867,False
'S',1635515369.5109015,True
'C',1635515369.5711286,True
'S',1635515369.6799016,False
'H',1635515369.6966956,True
'C',1635515369.7274926,False
'E',1635515369.774559,True
'H',1635515369.7905912,False
'N',1635515369.8751855,True
'E',1635515369.88571,False
'N',1635515369.9631743,False
KEY.SPACE,1635515370.070784,True
KEY.SPACE,1635515370.164947,False
KEY.SHIFT,1635515370.6949797,True
'L',1635515370.8700862,True
'L',1635515370.9592507,False
KEY.SHIFT,1635515370.9592507,False
'A',1635515371.0307271,True
'A',1635515371.1457117,False
'N',1635515371.1614497,True
'D',1635515371.2407954,True
'N',1635515371.2703972,False
'D',1635515371.379837,False
'S',1635515371.39401,True
'C',1635515371.5337045,True
'H',1635515371.579691,True
'S',1635515371.5954127,False
'C',1635515371.6584606,False
'A',1635515371.6735759,True
'H',1635515371.689903,False
'F',1635515371.7985868,True
'A',1635515371.8452232,False
'F',1635515371.9536533,False
'T',1635515372.0451574,True
'T',1635515372.1541865,False
KEY.SPACE,1635515372.1688755,True
KEY.SPACE,1635515372.2617476,False
'W',1635515372.429483,True
'E',1635515372.539849,True
'W',1635515372.6499524,False
'E',1635515372.6966472,False
'R',1635515372.7608058,True
'R',1635515372.8818738,False
'D',1635515372.929191,True
'E',1635515373.0064194,True
'D',1635515373.0997736,False
'N',1635515373.1019573,True
'E',1635515373.1614058,False
'N',1635515373.176896,False
KEY.SPACE,1635515373.2538073,True
KEY.SPACE,1635515373.3614218,False
'J',1635515373.4719696,True
'E',1635515373.5183675,True
'J',1635515373.5647862,False
'E',1635515373.643628,False
'D',1635515373.657818,True
'E',1635515373.7651181,True
'D',1635515373.8263454,False
'N',1635515373.8744087,True
'E',1635515373.9207933,False
'N',1635515373.9518828,False
KEY.SPACE,1635515374.0435603,True
KEY.SHIFT,1635515374.058789,True
KEY.SPACE,1635515374.1204534,False
'M',1635515374.2147071,True
'M',1635515374.243871,False
KEY.SHIFT,1635515374.243871,False
'O',1635515374.4014728,True
'R',1635515374.4780645,True
'O',1635515374.4939697,False
'R',1635515374.6162124,False
'G',1635515374.7118254,True
'E',1635515374.7889435,True
'N',1635515374.851751,True
'G',1635515374.8590398,False
'N',1635515374.9220052,False
'E',1635515374.9301777,False
KEY.SPACE,1635515375.0233567,True
KEY.SPACE,1635515375.1048253,False
'D',1635515375.1166697,True
'D',1635515375.2394457,False
'I',1635515375.255528,True
'E',1635515375.3274324,True
'I',1635515375.3322427,False
'E',1635515375.4259238,False
KEY.SPACE,1635515375.4737172,True
KEY.SPACE,1635515375.5806913,False
KEY.SHIFT,1635515375.6899643,True
'L',1635515375.8122635,True
'L',1635515375.9047136,False
KEY.SHIFT,1635515375.929965,False
'O',1635515376.2923284,True
'O',1635515376.37408,False
'I',1635515376.4778042,True
'I',1635515376.55617,False
'P',1635515376.6950707,True
'P',1635515376.7887516,False
'E',1635515376.8198814,True
'E',1635515376.943829,False
'N',1635515377.0053396,True
'N',1635515377.0793355,False
KEY.SPACE,1635515377.2213793,True
KEY.SPACE,1635515377.3139474,False
'E',1635515377.5917645,True
'I',1635515377.6539683,True
'E',1635515377.7164636,False
'I',1635515377.7641816,False
'N',1635515377.9020784,True
'G',1635515377.9493773,True
'N',1635515377.9958956,False
'E',1635515378.012495,True
'G',1635515378.0894666,False
'E',1635515378.1464794,False
'F',1635515378.1980395,True
'A',1635515378.308377,True
'F',1635515378.3539126,False
'H',1635515378.4619558,True
'A',1635515378.4923837,False
'H',1635515378.543531,False
'R',1635515378.5850668,True
'E',1635515378.65982,True
'R',1635515378.744111,False
'E',1635515378.8335562,False
'N',1635515378.9125311,True
'N',1635515379.0204308,False
'.',1635515379.4851675,True
'.',1635515379.5552151,False
KEY.SPACE,1635515379.750448,True
KEY.SPACE,1635515379.8222773,False
KEY.SHIFT,1635515379.9966333,True
'W',1635515380.251367,True
'W',1635515380.327383,False
KEY.SHIFT,1635515380.327383,False
'I',1635515380.4690192,True
'I',1635515380.5941362,False
'R',1635515380.623259,True
'R',1635515380.7608876,False
KEY.SPACE,1635515380.7914171,True
KEY.SPACE,1635515380.8995821,False
'F',1635515381.0795908,True
'F',1635515381.2093234,False
'Ü',1635515381.3171692,True
'Ü',1635515381.41242,False
'H',1635515381.5991511,True
'H',1635515381.720149,False
'Ö',1635515382.3742812,True
'Ö',1635515382.4692166,False
KEY.BACKSPACE,1635515382.777617,True
KEY.BACKSPACE,1635515382.8880723,False
'L',1635515383.0434487,True
'L',1635515383.1792836,False
'E',1635515383.1960855,True
'E',1635515383.319451,False
'N',1635515383.3966718,True
'N',1635515383.4726393,False
KEY.SPACE,1635515383.5971968,True
KEY.SPACE,1635515383.7057018,False
'U',1635515383.9237607,True
'U',1635515384.0324724,False
'N',1635515384.151038,True
'N',1635515384.2650352,False
'S',1635515384.267258,True
'S',1635515384.4029772,False
KEY.SPACE,1635515384.4496562,True
KEY.SPACE,1635515384.5422285,False
'D',1635515384.5890586,True
'D',1635515384.7064242,False
'O',1635515384.7286751,True
'O',1635515384.8373463,False
'R',1635515384.8382137,True
'R',1635515384.9769485,False
'T',1635515385.055681,True
KEY.SPACE,1635515385.1454928,True
'T',1635515385.148163,False
KEY.SPACE,1635515385.2259707,False
'W',1635515385.287397,True
'W',1635515385.4211476,False
'O',1635515385.4285443,True
'O',1635515385.5221837,False
'H',1635515385.6303117,True
'H',1635515385.7382958,False
'L',1635515385.7997088,True
'L',1635515385.881728,False
'.',1635515386.0316885,True
'.',1635515386.1239266,False
KEY.SPACE,1635515386.2794862,True
KEY.SPACE,1635515386.3720906,False
KEY.SHIFT,1635515386.524565,True
'U',1635515386.8086736,True
'U',1635515386.898052,False
KEY.SHIFT,1635515386.9112725,False
'N',1635515387.0125885,True
'S',1635515387.099099,True
'N',1635515387.1154723,False
'S',1635515387.2206838,False
'E',1635515387.3305652,True
'R',1635515387.396278,True
'E',1635515387.437851,False
'E',1635515387.5311494,True
'R',1635515387.5782492,False
KEY.SPACE,1635515387.6400955,True
'E',1635515387.6712782,False
KEY.SPACE,1635515387.7335744,False
KEY.SHIFT,1635515387.7572894,True
'K',1635515387.8718238,True
'K',1635515387.9472942,False
KEY.SHIFT,1635515387.9472942,False
'I',1635515388.07219,True
'I',1635515388.1566708,False
'N',1635515388.273706,True
'D',1635515388.3512034,True
'N',1635515388.3810427,False
'E',1635515388.4416032,True
'D',1635515388.4880853,False
'R',1635515388.5496354,True
KEY.SPACE,1635515388.5792882,True
'E',1635515388.6119776,False
KEY.SPACE,1635515388.6579957,False
'R',1635515388.688447,False
'U',1635515388.8201406,True
'U',1635515388.905793,False
'N',1635515388.997462,True
'D',1635515389.0600297,True
'N',1635515389.0758483,False
'D',1635515389.1692622,False
KEY.SPACE,1635515389.1847854,True
KEY.SHIFT,1635515389.2443316,True
KEY.SPACE,1635515389.2751682,False
'E',1635515389.353945,True
'E',1635515389.3999863,False
KEY.SHIFT,1635515389.3999863,False
'N',1635515389.5419738,True
'N',1635515389.6197555,False
'K',1635515389.730235,True
'E',1635515389.8039272,True
'K',1635515389.8197756,False
'E',1635515389.9129705,False
'L',1635515389.9426854,True
'L',1635515390.0356786,False
KEY.SPACE,1635515390.2970777,True
KEY.SPACE,1635515390.3737626,False
'W',1635515390.8849702,True
'W',1635515391.1021645,False
'O',1635515391.1561358,True
'O',1635515391.2551663,False
'L',1635515391.3650908,True
'L',1635515391.4280746,False
'L',1635515391.4974487,True
'E',1635515391.5983176,True
'L',1635515391.6011708,False
'E',1635515391.7376955,False
'N',1635515391.7545567,True
'N',1635515391.8149538,False
KEY.SPACE,1635515391.907795,True
KEY.SPACE,1635515392.0002508,False
'L',1635515392.1414294,True
'E',1635515392.2165883,True
'L',1635515392.2189214,False
'E',1635515392.3480954,False
'U',1635515392.3945034,True
'U',1635515392.4561262,False
'C',1635515392.4576955,True
'C',1635515392.579656,False
'H',1635515392.5943143,True
'H',1635515392.659879,False
'T',1635515392.7217956,True
'E',1635515392.8451035,True
'T',1635515392.876378,False
'E',1635515392.9994667,False
'N',1635515393.0156217,True
'N',1635515393.117479,False
'D',1635515393.1211593,True
'E',1635515393.2081037,True
'D',1635515393.2920365,False
KEY.SPACE,1635515393.3386738,True
'E',1635515393.3544881,False
KEY.SPACE,1635515393.4333935,False
KEY.SHIFT,1635515393.5090165,True
'W',1635515393.6335003,True
'W',1635515393.77072,False
KEY.SHIFT,1635515393.77072,False
'E',1635515393.8030431,True
'I',1635515393.925609,True
'E',1635515393.9713657,False
'I',1635515394.063422,False
'H',1635515394.2516496,True
'H',1635515394.330783,False
'N',1635515394.4516125,True
'N',1635515394.5356736,False
'A',1635515394.5452058,True
'C',1635515394.6864805,True
'A',1635515394.7334077,False
'H',1635515394.8100667,True
'C',1635515394.8157482,False
'H',1635515394.889547,False
'T',1635515395.014326,True
'T',1635515395.1107244,False
'S',1635515395.214311,True
'S',1635515395.3462505,False
'M',1635515395.4627175,True
'M',1635515395.5407257,False
'Ä',1635515395.711316,True
'Ä',1635515395.8206103,False
'R',1635515395.8669088,True
'R',1635515395.9896142,False
'K',1635515396.0198102,True
'K',1635515396.1235764,False
'T',1635515396.130836,True
'E',1635515396.205833,True
'T',1635515396.2676482,False
'E',1635515396.343957,False
KEY.SPACE,1635515396.3756962,True
KEY.SPACE,1635515396.5126588,False
KEY.BACKSPACE,1635515396.9306796,True
KEY.BACKSPACE,1635515397.0229297,False
"','",1635515397.1798468,True
"','",1635515397.2899737,False
KEY.SPACE,1635515397.4114587,True
'S',1635515397.4580114,True
KEY.SPACE,1635515397.4901972,False
'S',1635515397.5841992,False
'T',1635515397.630647,True
'E',1635515397.724318,True
'I',1635515397.7566044,True
'T',1635515397.7872734,False
'I',1635515397.8652503,False
'E',1635515397.880669,False
'L',1635515397.9484317,True
'E',1635515398.0043194,True
'L',1635515398.050053,False
'E',1635515398.1126375,False
KEY.SPACE,1635515398.1579535,True
KEY.SHIFT,1635515398.1882777,True
KEY.SPACE,1635515398.2507405,False
'A',1635515398.329058,True
'A',1635515398.4050262,False
KEY.SHIFT,1635515398.4050262,False
'B',1635515398.4212923,True
'B',1635515398.4971635,False
'F',1635515398.607659,True
'A',1635515398.729399,True
'F',1635515398.777504,False
'H',1635515398.8235574,True
'H',1635515398.8969414,False
'A',1635515398.9325922,False
'R',1635515398.948694,True
'R',1635515399.133566,False
'T',1635515399.2123675,True
'E',1635515399.321019,True
'T',1635515399.3986454,False
'N',1635515399.4446993,True
'E',1635515399.4923131,False
'N',1635515399.5254486,False
KEY.SPACE,1635515399.6303494,True
KEY.SPACE,1635515399.7204094,False
'U',1635515399.8756561,True
'U',1635515399.9472551,False
'N',1635515400.056978,True
'D',1635515400.136862,True
'N',1635515400.1436737,False
KEY.SPACE,1635515400.236367,True
'D',1635515400.2437887,False
KEY.SPACE,1635515400.330255,False
'F',1635515400.4613206,True
'F',1635515400.5843863,False
'R',1635515400.6618507,True
'R',1635515400.8107648,False
'Ü',1635515400.8134038,True
'Ü',1635515400.9083858,False
KEY.BACKSPACE,1635515401.8408484,True
KEY.BACKSPACE,1635515401.9021301,False
'Ö',1635515402.124327,True
'Ö',1635515402.199782,False
'H',1635515402.484056,True
'H',1635515402.5767803,False
'L',1635515402.655183,True
'L',1635515402.7748687,False
'C',1635515402.8738751,True
'I',1635515402.9185731,True
'C',1635515402.9972608,False
'I',1635515403.0270073,False
'H',1635515403.1876812,True
'H',1635515403.288471,False
'E',1635515403.3054247,True
'E',1635515403.4456503,False
KEY.SPACE,1635515403.601425,True
KEY.SPACE,1635515403.694272,False
KEY.BACKSPACE,1635515404.0795088,True
KEY.BACKSPACE,1635515404.1724632,False
KEY.BACKSPACE,1635515404.2640524,True
KEY.BACKSPACE,1635515404.3420131,False
KEY.BACKSPACE,1635515404.421629,True
KEY.BACKSPACE,1635515404.5281827,False
KEY.BACKSPACE,1635515404.8226058,True
KEY.BACKSPACE,1635515404.9138827,False
'H',1635515405.1174989,True
'E',1635515405.1775324,True
'H',1635515405.206495,False
'E',1635515405.3000612,False
KEY.SPACE,1635515405.3310535,True
KEY.SHIFT,1635515405.4112136,True
KEY.SPACE,1635515405.4254906,False
'F',1635515405.5475576,True
'F',1635515405.6249712,False
KEY.SHIFT,1635515405.6249712,False
'E',1635515405.6873863,True
'I',1635515405.7955072,True
'E',1635515405.8273761,False
'I',1635515405.9043145,False
'E',1635515405.934938,True
'R',1635515406.0126855,True
'E',1635515406.1063507,False
'E',1635515406.17106,True
'R',1635515406.18367,False
'E',1635515406.3144813,False
'N',1635515406.4793653,True
'N',1635515406.6021428,False
KEY.SPACE,1635515406.7720208,True
KEY.SPACE,1635515406.894909,False
'A',1635515407.733056,True
'M',1635515407.8106222,True
'A',1635515407.8418381,False
'M',1635515407.9040792,False
KEY.SPACE,1635515408.0102835,True
KEY.SHIFT,1635515408.0818858,True
KEY.SPACE,1635515408.1177778,False
'A',1635515408.1973314,True
'A',1635515408.257837,False
KEY.SHIFT,1635515408.257837,False
'B',1635515408.3499527,True
'B',1635515408.443417,False
'E',1635515408.460869,True
'N',1635515408.5615134,True
'E',1635515408.6023097,False
'D',1635515408.6482277,True
'N',1635515408.6637878,False
'D',1635515408.7730727,False
'.',1635515408.8513691,True
'.',1635515408.9452882,False
KEY.SPACE,1635515409.0842452,True
KEY.SHIFT,1635515409.1315455,True
KEY.SPACE,1635515409.157609,False
'S',1635515409.239474,True
'S',1635515409.3015623,False
KEY.SHIFT,1635515409.3015623,False
'I',1635515409.34843,True
'I',1635515409.4436276,False
'E',1635515409.471231,True
KEY.SPACE,1635515409.5648289,True
'E',1635515409.5973284,False
KEY.SPACE,1635515409.6733215,False
'F',1635515409.7192721,True
'A',1635515409.827809,True
'F',1635515409.8742292,False
'H',1635515409.918859,True
'A',1635515409.948593,False
'R',1635515409.9810474,True
'H',1635515410.0132825,False
'E',1635515410.0893576,True
'R',1635515410.1307166,False
'N',1635515410.1361458,True
'E',1635515410.2141666,False
'N',1635515410.229419,False
KEY.SPACE,1635515410.3224614,True
KEY.SPACE,1635515410.42855,False
'I',1635515410.9143865,True
'I',1635515411.036032,False
'N',1635515411.1435113,True
'N',1635515411.221287,False
KEY.SPACE,1635515411.3125904,True
'D',1635515411.3773525,True
KEY.SPACE,1635515411.4060283,False
'D',1635515411.5304327,False
'I',1635515411.5452938,True
'E',1635515411.5756795,True
'I',1635515411.6151779,False
'E',1635515411.698997,False
KEY.SPACE,1635515411.7453752,True
KEY.SHIFT,1635515411.8068662,True
KEY.SPACE,1635515411.8389676,False
'U',1635515411.976817,True
'U',1635515412.0378957,False
KEY.SHIFT,1635515412.0378957,False
'R',1635515412.3949552,True
'R',1635515412.5353727,False
'L',1635515412.5483916,True
'A',1635515412.6266289,True
'L',1635515412.656669,False
'A',1635515412.7528524,False
'U',1635515412.8150654,True
'U',1635515412.8931627,False
'B',1635515413.0171418,True
'S',1635515413.108713,True
'B',1635515413.12455,False
'S',1635515413.2410629,False
'O',1635515413.3122063,True
'R',1635515413.3893225,True
'O',1635515413.418731,False
'R',1635515413.5108948,False
'T',1635515413.6039188,True
'E',1635515413.7145884,True
'T',1635515413.7773483,False
'E',1635515413.8693423,False
"','",1635515413.9299853,True
"','",1635515414.0226948,False
KEY.SPACE,1635515414.1587214,True
'W',1635515414.2177367,True
KEY.SPACE,1635515414.2216008,False
'W',1635515414.3436418,False
'O',1635515414.3594055,True
'O',1635515414.4520717,False
KEY.SPACE,1635515414.6237125,True
KEY.SPACE,1635515414.7170453,False
'D',1635515414.748846,True
'D',1635515414.850744,False
'I',1635515414.8719242,True
'E',1635515414.9325645,True
'I',1635515414.9645495,False
'E',1635515415.0419188,False
KEY.SPACE,1635515415.0717907,True
KEY.SPACE,1635515415.180054,False
KEY.SHIFT,1635515415.211088,True
'P',1635515415.3656504,True
'P',1635515415.4113686,False
KEY.SHIFT,1635515415.4113686,False
'S',1635515415.5197506,True
'S',1635515415.6757534,False
KEY.BACKSPACE,1635515416.014713,True
KEY.BACKSPACE,1635515416.1088135,False
'I',1635515416.2641046,True
'S',1635515416.3165622,True
'I',1635515416.3408291,False
'S',1635515416.434855,False
'T',1635515416.4665048,True
'E',1635515416.5736265,True
'T',1635515416.620144,False
'N',1635515416.6521842,True
'E',1635515416.7127023,False
'N',1635515416.7275937,False
KEY.SPACE,1635515416.812583,True
KEY.SPACE,1635515416.9145253,False
'N',1635515417.0238295,True
'N',1635515417.1023638,False
'O',1635515417.2432287,True
'T',1635515417.3356328,True
'O',1635515417.3513796,False
'T',1635515417.427336,False
'F',1635515417.536672,True
'A',1635515417.6279826,True
'F',1635515417.672512,False
'L',1635515417.719164,True
'A',1635515417.7493854,False
'L',1635515417.79533,False
'L',1635515417.8620875,True
'L',1635515417.9646192,False
'S',1635515418.120207,True
'S',1635515418.2284186,False
KEY.SPACE,1635515418.302703,True
KEY.SPACE,1635515418.3821685,False
'M',1635515418.5100188,True
'M',1635515418.588284,False
'I',1635515418.7113862,True
'I',1635515418.79072,False
'T',1635515418.8075807,True
'T',1635515418.900022,False
KEY.SPACE,1635515418.9459436,True
KEY.SPACE,1635515419.0531228,False
KEY.SHIFT,1635515419.1161032,True
'K',1635515419.2254307,True
'K',1635515419.3194923,False
KEY.SHIFT,1635515419.3344228,False
'U',1635515419.4126923,True
'U',1635515419.4929662,False
'N',1635515419.595205,True
'S',1635515419.6791148,True
'N',1635515419.6960838,False
'S',1635515419.8351114,False
'T',1635515420.036617,True
'T',1635515420.1589692,False
'S',1635515420.4393508,True
'C',1635515420.5168676,True
'H',1635515420.5624788,True
'S',1635515420.59431,False
'H',1635515420.6374319,False
'C',1635515420.663819,False
'N',1635515420.7497613,True
'E',1635515420.81103,True
'N',1635515420.8271506,False
'E',1635515420.8742628,False
'E',1635515420.9604628,True
'E',1635515421.0713248,False
KEY.SPACE,1635515421.379614,True
KEY.SPACE,1635515421.4894562,False
'G',1635515421.742196,True
'E',1635515421.7978547,True
'G',1635515421.8436859,False
'E',1635515421.904158,False
'S',1635515421.9676595,True
'I',1635515422.0932288,True
'S',1635515422.1557465,False
'I',1635515422.1879773,False
'C',1635515422.2568123,True
'H',1635515422.3580282,True
'C',1635515422.3901975,False
'E',1635515422.4207067,True
'H',1635515422.4276054,False
'R',1635515422.5463774,True
'E',1635515422.6378503,False
'R',1635515422.6688507,False
'T',1635515422.7396357,True
'T',1635515422.870988,False
KEY.SPACE,1635515422.888012,True
KEY.SPACE,1635515422.9945507,False
'W',1635515423.1174972,True
'E',1635515423.2130406,True
'W',1635515423.322051,False
'E',1635515423.353466,False
'R',1635515423.41628,True
'N',1635515423.53868,True
'R',1635515423.5696983,False
'N',1635515423.6177716,False
'D',1635515424.017334,True
'E',1635515424.093241,True
'D',1635515424.1707125,False
'E',1635515424.2477894,False
KEY.BACKSPACE,1635515424.4300761,True
KEY.BACKSPACE,1635515424.5151823,False
KEY.BACKSPACE,1635515424.5873957,True
KEY.BACKSPACE,1635515424.6941419,False
KEY.BACKSPACE,1635515424.7521312,True
'D',1635515424.8527675,True
KEY.BACKSPACE,1635515424.8640962,False
'E',1635515424.9117208,True
'D',1635515425.0184033,False
'E',1635515425.0496273,False
'N',1635515425.0653174,True
'N',1635515425.1270766,False
KEY.SPACE,1635515425.2361915,True
KEY.SPACE,1635515425.3201735,False
'U',1635515425.4682286,True
'U',1635515425.5445595,False
'N',1635515425.6537192,True
'D',1635515425.7279582,True
'N',1635515425.7323976,False
'D',1635515425.8222475,False
KEY.SPACE,1635515425.8365316,True
KEY.SPACE,1635515425.913422,False
'H',1635515426.0549693,True
'H',1635515426.1328847,False
'A',1635515426.1479094,True
'B',1635515426.2479615,True
'A',1635515426.2678525,False
'B',1635515426.346913,False
'E',1635515426.362133,True
'N',1635515426.4288816,True
'E',1635515426.4700181,False
'N',1635515426.5307958,False
KEY.SPACE,1635515426.6076243,True
KEY.SPACE,1635515426.6864333,False
'D',1635515426.7027214,True
'O',1635515426.8251648,True
'D',1635515426.8414476,False
'O',1635515426.9355097,False
'R',1635515426.9663289,True
'R',1635515427.0741687,False
'T',1635515427.1532288,True
KEY.SPACE,1635515427.230763,True
'T',1635515427.2474308,False
KEY.SPACE,1635515427.3235538,False
'V',1635515427.4021218,True
'V',1635515427.5277126,False
'I',1635515427.529398,True
'I',1635515427.6191435,False
'E',1635515427.6362665,True
'L',1635515427.7204473,True
'E',1635515427.7606506,False
'L',1635515427.820937,False
KEY.SPACE,1635515427.930826,True
KEY.SHIFT,1635515427.9755397,True
KEY.SPACE,1635515428.0068276,False
'S',1635515428.0516043,True
'S',1635515428.1318355,False
KEY.SHIFT,1635515428.1318355,False
'P',1635515428.150662,True
'P',1635515428.2409163,False
'A',1635515428.3032982,True
'A',1635515428.4129872,False
'SS',1635515428.4407358,True
'SS',1635515428.517329,False
'.',1635515429.2811036,True
'.',1635515429.3585832,False
KEY.SPACE,1635515429.496576,True
KEY.SPACE,1635515429.5901425,False
KEY.SHIFT,1635515429.7745547,True
'W',1635515430.1279912,True
'W',1635515430.250453,False
KEY.SHIFT,1635515430.250453,False
'I',1635515430.285988,True
'I',1635515430.4052317,False
'R',1635515430.4079053,True
'R',1635515430.5305328,False
KEY.SPACE,1635515430.5617898,True
KEY.SPACE,1635515430.6845922,False
'H',1635515430.980437,True
'A',1635515431.0434291,True
'H',1635515431.0754404,False
'A',1635515431.1534894,False
'B',1635515431.1844668,True
'E',1635515431.2629478,True
'B',1635515431.2773027,False
'N',1635515431.3715827,True
'E',1635515431.4018798,False
'N',1635515431.4503324,False
KEY.SPACE,1635515431.5263884,True
KEY.SPACE,1635515431.6224947,False
'A',1635515431.6667178,True
'A',1635515431.7758942,False
'L',1635515431.7916493,True
'L',1635515431.8521311,False
'L',1635515431.9290404,True
'L',1635515432.0372252,False
'E',1635515432.0393367,True
'E',1635515432.1617405,False
'I',1635515432.1782727,True
'I',1635515432.270285,False
KEY.BACKSPACE,1635515432.5673065,True
KEY.BACKSPACE,1635515432.6615658,False
KEY.SPACE,1635515433.0638905,True
KEY.SPACE,1635515433.1411893,False
'E',1635515433.179339,True
'I',1635515433.3138502,True
'E',1635515433.3303277,False
'I',1635515433.3934999,False
'N',1635515433.4985,True
'E',1635515433.560844,True
'N',1635515433.5762455,False
'N',1635515433.6685114,True
'E',1635515433.684182,False
'N',1635515433.746235,False
KEY.SPACE,1635515433.838836,True
'S',1635515433.8859696,True
KEY.SPACE,1635515433.931617,False
'C',1635515433.9631488,True
'S',1635515434.0353565,False
'H',1635515434.0721784,True
'C',1635515434.103087,False
'H',1635515434.1484952,False
'P',1635515434.356254,True
'P',1635515434.4149914,False
KEY.BACKSPACE,1635515435.066501,True
KEY.BACKSPACE,1635515435.1734118,False
'Ö',1635515435.3994358,True
'Ö',1635515435.5003276,False
'N',1635515435.6692393,True
'E',1635515435.7630134,True
'N',1635515435.7777007,False
'E',1635515435.8565407,False
'N',1635515435.8704534,True
'N',1635515435.9641366,False
KEY.SPACE,1635515436.0560913,True
KEY.SPACE,1635515436.1510506,False
KEY.SHIFT,1635515436.2195747,True
'W',1635515436.3377748,True
'W',1635515436.4281325,False
KEY.SHIFT,1635515436.4281325,False
'I',1635515436.4796867,True
'I',1635515436.5668054,False
'N',1635515436.6912158,True
'T',1635515436.766443,True
'N',1635515436.7976742,False
'E',1635515436.8589916,True
'T',1635515436.8738015,False
'R',1635515436.9685926,True
"','",1635515437.0597615,True
'E',1635515437.0738642,False
'R',1635515437.1059062,False
"','",1635515437.1835163,False
KEY.SPACE,1635515437.2767205,True
KEY.SPACE,1635515437.3694584,False
'U',1635515437.5059235,True
'U',1635515437.5878496,False
'N',1635515437.6806464,True
'N',1635515437.773639,False
'D',1635515437.788837,True
'D',1635515437.878527,False
KEY.SPACE,1635515437.8810933,True
KEY.SPACE,1635515437.990837,False
'D',1635515438.021979,True
'A',1635515438.0827975,True
'D',1635515438.146829,False
'A',1635515438.2386072,False
'H',1635515438.3001037,True
'H',1635515438.3942745,False
'E',1635515438.4091399,True
'E',1635515438.5189555,False
'I',1635515438.5210474,True
'I',1635515438.5969224,False
'M',1635515438.6884334,True
'M',1635515438.7804883,False
KEY.SPACE,1635515438.8576913,True
KEY.SPACE,1635515438.9503665,False
'H',1635515439.05984,True
'H',1635515439.1225266,False
'Ö',1635515439.3203382,True
'R',1635515439.4192214,True
'Ö',1635515439.4296062,False
'E',1635515439.4913526,True
'R',1635515439.5828068,False
'E',1635515439.6205778,False
'N',1635515439.6287057,True
'N',1635515439.7068412,False
KEY.SPACE,1635515439.830974,True
KEY.SPACE,1635515439.9196777,False
'W',1635515439.9550025,True
'I',1635515440.075296,True
'W',1635515440.0781546,False
'R',1635515440.1396382,True
'I',1635515440.168551,False
'R',1635515440.2505171,False
KEY.SPACE,1635515440.2793305,True
KEY.SPACE,1635515440.3611307,False
'B',1635515440.4824924,True
'E',1635515440.5289633,True
'B',1635515440.5613973,False
'E',1635515440.6699448,False
'G',1635515440.7157085,True
'E',1635515440.8088222,True
'G',1635515440.8589833,False
'I',1635515440.9011638,True
'E',1635515440.932375,False
'I',1635515441.011327,False
'S',1635515441.0258048,True
'S',1635515441.1503663,False
'T',1635515441.1962245,True
'E',1635515441.3212838,True
'T',1635515441.3346462,False
'R',1635515441.6517954,True
'E',1635515441.7073689,False
'R',1635515441.816135,False
'T',1635515441.8919516,True
'T',1635515442.0152051,False
KEY.SPACE,1635515442.0450242,True
KEY.SPACE,1635515442.1526234,False
'D',1635515442.2315328,True
'I',1635515442.323801,True
'D',1635515442.339872,False
'E',1635515442.3864424,True
'I',1635515442.410605,False
'E',1635515442.513439,False
KEY.SPACE,1635515442.526284,True
KEY.SPACE,1635515442.6196184,False
KEY.SHIFT,1635515442.635212,True
'E',1635515442.760477,True
'E',1635515442.8378658,False
KEY.SHIFT,1635515442.8378658,False
'R',1635515442.8537354,True
'Z',1635515442.9625745,True
'R',1635515442.9936438,False
'Z',1635515443.027151,False
'Ä',1635515443.337403,True
'Ä',1635515443.4424057,False
'H',1635515443.5045094,True
'L',1635515443.6151953,True
'H',1635515443.64189,False
'L',1635515443.7339253,False
'U',1635515443.8730829,True
'U',1635515443.9504874,False
'N',1635515444.0754392,True
'G',1635515444.1489015,True
'N',1635515444.1525102,False
'E',1635515444.2455726,True
'N',1635515444.2772508,True
'G',1635515444.3180587,False
'N',1635515444.3691225,False
'E',1635515444.4325192,False
KEY.SPACE,1635515444.4608989,True
KEY.SPACE,1635515444.569608,False
'Ü',1635515444.8456516,True
'Ü',1635515444.9398887,False
'B',1635515445.142892,True
'E',1635515445.2045817,True
'B',1635515445.2499197,False
'R',1635515445.264367,True
'E',1635515445.356128,False
KEY.SPACE,1635515445.3587883,True
'R',1635515445.402755,False
KEY.SPACE,1635515445.479578,False
'D',1635515445.495167,True
'D',1635515445.6683788,False
'I',1635515445.6836963,True
'I',1635515445.8000338,False
'E',1635515445.853473,True
'E',1635515445.963046,False
KEY.SPACE,1635515446.0254772,True
KEY.SPACE,1635515446.1327162,False
'A',1635515446.3191218,True
'A',1635515446.4592245,False
'U',1635515446.5512416,True
'U',1635515446.6440895,False
'F',1635515446.814436,True
'F',1635515446.92312,False
'R',1635515447.021684,True
'E',1635515447.1011794,True
'R',1635515447.1855097,False
'G',1635515447.2164927,True
'E',1635515447.2481182,False
'G',1635515447.295581,False
'E',1635515447.5894792,True
'E',1635515447.7138398,False
'N',1635515447.806911,True
'N',1635515447.990475,False
'D',1635515448.1307192,True
'E',1635515448.2085516,True
'D',1635515448.286048,False
'E',1635515448.3645685,False
'N',1635515448.3793106,True
'N',1635515448.4872224,False
KEY.SPACE,1635515448.5774484,True
KEY.SPACE,1635515448.6868055,False
KEY.SHIFT,1635515448.7938788,True
'E',1635515448.931128,True
'E',1635515448.9761722,False
KEY.SHIFT,1635515448.9761722,False
'R',1635515448.993218,True
'L',1635515449.10327,True
'R',1635515449.1631265,False
'L',1635515449.1937068,False
'B',1635515449.352819,True
'E',1635515449.4091215,True
'B',1635515449.4402053,False
'E',1635515449.5643024,False
'N',1635515449.7967913,True
'N',1635515449.9031215,False
'I',1635515450.0130706,True
'S',1635515450.0907927,True
'I',1635515450.1028612,False
'S',1635515450.182241,False
'S',1635515450.2604027,True
'S',1635515450.3374343,False
'E',1635515450.4305584,True
'E',1635515450.5590508,False
KEY.SPACE,1635515450.6951678,True
KEY.SPACE,1635515450.786831,False
'D',1635515450.8965807,True
'E',1635515450.9739044,True
'D',1635515451.0201316,False
'R',1635515451.0838232,True
'E',1635515451.1452477,False
KEY.SPACE,1635515451.1612062,True
'R',1635515451.2230806,False
KEY.SPACE,1635515451.2369695,False
KEY.SHIFT,1635515451.2978969,True
'J',1635515451.3928068,True
'J',1635515451.4715478,False
KEY.SHIFT,1635515451.497834,False
'U',1635515451.5572972,True
'U',1635515451.6567063,False
'N',1635515451.7650104,True
'N',1635515451.8587844,False
'G',1635515452.0445685,True
'E',1635515452.122444,True
'G',1635515452.213982,False
'N',1635515452.244483,True
'E',1635515452.2749598,False
'N',1635515452.3290207,False
KEY.ALT_L,1635515452.751664,True
KEY.TAB,1635515452.8284717,True
KEY.ALT_L,1635515452.919633,False
KEY.TAB,1635515452.95104,False
KEY.ALT_L,1635515453.244479,True
KEY.TAB,1635515453.2901134,True
KEY.ALT_L,1635515453.3672335,False
KEY.TAB,1635515453.4161184,False
